Unnamed: 0,BTN1A1,OLAH,LILRB5,CSF1R,CEL,CELP,LALBA,CSN2,LINC02532,LPO,MED15P9,YIF1B,LOC112268261,SMIM33,LOC105375790,IL16,LOC107985488,LOC105378863,LOC105371982,LOC105370705,DDX55,KLRF2,SLC2A10,SIGLEC14,BCDIN3D,SNRPN,CDRT15P3,GLS,HSF2,OR52E5,LOC105377350,LOC105375248,LOC105375924,TTTY7,TTC41P,LINC02914,GIPC3,PTPN22,CPS1,FYTTD1,ASPG,MIR6729,NPY5R,LINCADL,HNRNPUL1,P2RY10,LOC102724851,LRBA,RGS3,TWIST2,EDNRB-AS1,PYY,SYT15B,C2orf15,KPNA3,CST6,TLE1,MIR4426,IL12RB2,ZNF554,SV2B,LOC105369961,TMEM100,PTPN21,SOHLH2,ANO6,LOC107986384,TRQ-TTG4-1,TAT,LOC105371606,LOC105378231,REELD1,ALOX12B,LOC107987361,MED16,SLC41A3-AS1,LOC105371860,LRRFIP2,LOC105376246,MC5R,MIR521-1,LOC105376364,LOC100996664,PRRC2C,LRCOL1,LOC105378816,NCR3,CTSV,LOC107985188,LOC105369682,ZNHIT1,RAB19,LOC107986837,MIR888,MIR3907,LOC107984023,CD81-AS1,ANO9,LOC105369448,NHLRC1,LHCGR,LOC105377073,ZSCAN12,MIR545,TMCC2,FAM87A,CYP4F11,KCND1,LOC105375251,LOC112268209
GSM5016025,13,7,328,1122,27,5,12,0,0,2,3,357,8,0,0,351,0,3,0,2,657,2,1302,41,204,618,7,2965,472,0,0,0,1,0,18,0,73,156,382,2604,13,1,96,282,3872,34,133,3007,623,155,3,2,261,184,1442,21,730,2924,33,239,138,6,242,1052,22,3609,5,0,5318,0,20,8,7,11,298,3,11,1343,0,0,0,0,24,4398,4,6,8,177,9,1,967,38,2,0,0,3,129,159,0,104,38,5,560,0,29,11,40,65,0,0
GSM5016026,12,9,2366,1918,53,13,0,0,6,4,14,307,6,0,2,644,1,7,2,2,1143,0,919,108,162,413,45,5873,464,0,0,6,1,0,38,0,200,306,384,1828,29,1,335,384,3358,21,754,2151,642,119,13,7,498,97,1178,8,1050,904,65,444,226,12,389,1596,27,4284,1,0,613,0,3,18,21,45,315,34,11,1509,0,0,0,0,44,5442,12,10,9,183,15,0,556,33,6,0,0,9,122,591,0,71,303,3,602,2,46,8,197,142,0,1
GSM5016027,145614,17120,293,1009,41921,11269,2333123,1950673,1403,861,0,217,10,0,3,572,0,2,0,0,659,1,452,84,275,442,2,2649,302,0,0,0,3,0,14,0,47,104,161,2091,25,0,30,352,2728,89,131,1625,502,82,0,1,205,57,932,22,2990,1533,44,231,191,2,302,704,36,2489,3,0,31,0,10,27,1,13,178,24,7,1138,0,1,0,0,28,3401,4,5,11,164,7,0,611,12,3,0,0,4,154,131,0,131,19,2,259,0,30,8,140,49,0,0
GSM5016028,6,8,266,887,46,12,1,3,2,4,10,312,5,2,0,525,0,11,0,0,1161,2,628,29,162,495,14,3190,485,0,0,2,7,0,28,0,52,198,396,1543,29,1,34,110,4057,57,771,2352,673,55,6,1,479,95,981,5,1042,714,22,373,89,4,257,1282,17,3074,3,0,255,0,5,42,14,33,492,11,17,1271,0,0,0,0,21,5965,16,4,4,286,16,0,381,40,3,0,1,5,136,894,0,61,13,2,663,0,52,17,189,116,0,1
GSM5016029,69,97,83,603,46,16,338,61,11,21,10,273,2,4,4,351,1,13,1,2,2898,1,1483,65,286,450,14,11463,1184,0,1,2,2,0,62,0,56,540,504,2608,11,1,298,1,4906,36,1823,3414,280,20,29,7,423,278,1650,3,1213,3141,50,1190,28,20,42,2036,14,2509,26,0,454,0,7,221,1,31,220,61,19,1772,0,0,0,0,75,10274,3,22,2,306,31,0,465,45,8,0,1,14,62,1208,0,171,2,1,842,1,22,26,146,81,1,0
GSM5016030,21,17,225,923,51,16,16,1,7,7,11,292,10,2,1,378,0,6,1,4,1125,1,524,63,160,403,40,5053,508,0,0,1,3,0,30,0,56,283,325,1423,15,0,133,107,3430,40,971,1923,505,37,5,4,527,140,852,8,903,1507,35,484,132,10,221,1448,23,2207,11,0,310,0,2,47,5,30,413,38,11,1409,0,0,0,1,45,5675,10,15,3,145,28,1,536,28,5,0,2,9,94,725,0,83,45,3,463,0,28,18,285,101,0,0
GSM5016031,6468,697,139,689,512,117,134791,82163,146,20,2,398,4,0,0,336,0,3,0,2,633,0,818,22,228,558,7,2189,459,0,0,0,0,0,7,0,59,129,534,2776,8,1,106,100,5833,30,166,4460,603,136,2,1,266,182,1266,6,2099,4853,45,286,62,2,112,1070,16,3527,5,0,237,0,2,22,3,15,488,6,8,1378,1,2,0,0,26,6343,3,9,7,167,4,2,925,33,0,0,0,3,165,156,0,171,17,3,465,0,29,18,144,49,0,0
GSM5016032,37,9,620,897,45,12,1100,605,1,0,7,227,3,0,3,611,0,7,0,1,1101,0,402,1,153,442,4,3348,413,0,0,3,4,0,23,0,108,138,436,1799,18,0,222,740,3229,33,636,1295,529,296,5,2,262,88,1134,6,995,1334,28,279,339,9,792,1495,15,7071,3,0,284,1,12,43,6,38,200,15,10,968,0,0,0,0,27,4077,11,4,3,44,16,0,548,13,3,0,0,9,174,242,0,56,492,2,431,0,22,7,65,111,0,1
GSM5016033,5,9,934,964,45,13,0,0,1,0,2,315,42,0,2,1631,0,9,0,4,886,2,509,155,149,360,9,4081,469,0,0,0,4,0,35,0,327,288,531,2256,90,0,589,1312,3660,93,170,1082,2721,489,10,1,232,38,1474,1,1344,953,35,278,448,3,2065,1632,16,11948,1,0,6,0,4,134,1,73,206,7,5,1283,3,14,0,0,31,4061,21,5,41,12,11,0,612,1,6,0,1,13,317,150,0,79,223,14,360,0,82,1,1,84,0,0
GSM5016034,3,9,1590,1803,41,10,0,0,0,1,1,221,6,0,1,803,0,2,0,0,531,0,481,33,94,240,2,2931,295,0,0,6,0,0,19,0,461,48,199,1409,45,1,441,718,3021,17,75,768,1145,552,2,1,409,23,989,0,1070,364,56,156,265,2,1468,1508,6,7372,0,0,10,0,5,47,0,18,253,6,4,868,0,0,0,0,17,2989,8,2,4,4,11,0,546,1,4,0,0,7,245,40,0,43,375,0,263,0,41,5,2,83,0,1
GSM5016035,7,7,1315,1964,10,3,0,2,0,0,2,355,15,0,3,734,0,0,0,0,428,0,283,49,138,442,5,3144,408,0,0,3,2,0,24,0,249,70,426,2486,22,1,997,2740,3177,26,27,1028,1221,666,6,0,220,21,1913,5,2203,1227,48,124,441,0,1268,1458,9,9547,2,0,79,0,7,2,1,24,360,3,2,1092,3,0,0,0,15,2393,5,1,18,28,2,0,1844,2,0,0,1,8,251,33,0,116,689,22,271,0,53,7,6,64,0,0
GSM5016036,2,5,27,430,24,10,2,0,1,3,12,153,4,0,0,155,0,7,1,1,1319,0,801,37,187,599,9,3366,517,0,0,0,3,0,29,0,21,179,246,2217,14,0,69,5,2790,13,1134,3690,302,26,3,4,207,141,1107,3,460,1083,19,323,8,14,179,1254,6,2479,1,0,981,0,2,43,19,5,66,25,23,1226,0,0,0,0,35,6390,3,15,0,189,12,0,249,68,4,0,0,3,28,316,0,66,7,7,850,0,17,8,74,105,0,0
GSM5016037,11,0,508,768,11,4,1,0,0,1,3,328,5,0,1,529,0,2,0,2,351,0,415,27,90,392,4,1567,359,0,0,0,0,0,16,0,237,42,470,1610,23,0,216,1269,3660,18,37,978,2024,478,2,0,142,27,951,4,1021,1272,27,167,369,1,1121,867,3,7001,2,0,19,0,15,33,0,11,376,0,2,885,0,0,0,0,16,2642,0,3,4,44,3,0,878,5,1,0,0,9,307,29,0,80,41,1,308,0,43,4,16,51,0,1
GSM5016038,5,5,338,542,31,8,0,0,0,0,5,180,3,1,2,576,0,4,1,0,796,0,253,32,97,295,6,2487,437,0,0,5,4,0,30,0,104,109,163,1213,33,1,262,436,3001,21,289,1206,1139,266,7,4,290,53,752,2,942,744,12,300,243,5,395,1218,8,5241,2,0,686,0,7,46,5,36,264,11,10,920,0,0,0,0,34,4304,9,6,1,85,21,0,420,8,2,0,2,10,138,398,0,48,167,2,386,0,15,7,61,116,0,0
GSM5016039,4,1,2468,2038,40,10,0,0,0,0,1,240,12,1,5,795,0,2,2,5,786,1,363,71,96,291,7,3546,299,0,0,30,0,0,18,0,416,84,243,1880,31,0,485,1132,3325,15,87,975,771,350,13,0,739,47,1275,0,933,481,56,141,580,0,712,1616,14,5678,1,0,5,0,18,89,1,66,279,4,9,981,0,2,0,0,13,3284,32,4,7,9,13,0,844,2,2,0,1,23,283,45,0,77,431,9,352,0,62,7,2,105,0,0
GSM5016040,11,3,1820,1745,83,13,17,187,2,1,3,498,9,1,8,1055,0,9,0,1,1257,1,780,54,208,536,11,5808,593,0,0,55,0,0,45,0,544,153,988,3526,158,0,1003,1318,6352,21,266,2424,1124,521,10,2,600,119,2228,5,2261,1030,84,314,439,10,1817,2776,29,12475,2,0,1272,0,11,66,7,88,579,6,19,1748,1,2,0,1,77,6460,42,13,18,36,19,1,1248,20,8,0,0,22,422,212,0,117,979,15,660,0,73,14,98,161,0,1
GSM5016041,3,8,1319,1813,37,9,2,0,1,1,11,367,14,0,5,917,1,7,2,4,700,0,611,215,174,503,13,2999,407,0,3,12,8,0,20,0,248,95,223,2054,65,0,542,656,3376,68,121,2124,732,545,8,3,338,71,1526,1,1070,1295,57,276,242,3,777,1551,5,6050,3,0,4504,0,8,44,2,39,457,8,7,1156,0,1,0,0,28,4948,15,8,20,55,16,7,1320,20,4,0,0,12,213,247,0,114,393,8,399,1,54,12,85,71,0,0
GSM5016042,7,13,489,1127,37,8,1,8,3,4,10,357,2,0,2,393,1,7,0,0,826,0,1194,41,204,621,23,2940,489,1,0,6,2,0,19,0,60,118,254,1895,12,1,72,172,4063,26,480,2504,480,165,11,3,278,151,1046,11,961,1403,33,330,91,4,188,1114,26,2836,4,0,7043,0,3,73,8,22,452,5,10,1578,0,0,0,0,24,4620,2,6,5,121,21,0,695,67,5,0,0,7,136,562,0,98,55,3,676,0,36,7,238,74,0,2
GSM5016043,5,11,3031,2900,24,7,0,1,0,0,0,198,11,0,2,815,0,3,3,0,772,0,377,111,101,232,2,4602,375,0,0,37,7,0,21,0,353,98,176,2181,58,0,600,604,3201,33,62,1084,719,511,13,1,701,33,1524,0,1359,450,68,158,570,3,1005,1887,7,8079,1,0,8,0,24,54,0,49,142,5,6,1228,0,1,0,0,17,3501,3,14,15,18,9,0,597,0,3,0,0,8,159,58,0,72,669,4,242,0,41,2,8,98,0,0
GSM5016044,75,20,86,853,24,5,626,23,9,14,4,381,4,0,1,548,0,1,0,0,626,0,737,15,220,607,5,1979,389,0,0,1,4,0,21,0,75,143,523,1968,22,0,170,578,3741,35,260,2359,1755,208,2,3,260,98,970,5,983,3445,20,323,271,13,212,970,2,5690,4,0,13,0,10,7,0,17,536,6,7,1041,0,7,0,0,28,3806,1,5,15,130,10,0,894,21,3,0,0,4,291,290,0,120,10,3,429,1,36,7,61,53,0,0
GSM5016045,0,1,244,63,0,0,0,0,0,0,0,181,0,0,0,731,0,0,0,0,23,0,117,9,6,0,0,0,0,0,0,0,0,0,0,0,41,96,0,163,111,0,0,0,465,0,96,213,71,0,0,0,24,125,0,0,247,0,0,0,3,0,0,0,0,0,0,0,0,0,0,0,0,0,210,0,0,0,0,0,0,0,0,1512,0,108,0,226,0,0,538,14,0,0,0,239,0,0,0,0,0,0,0,0,0,0,0,0,0,0
GSM5016046,462,18,344,1002,35,9,2218,689,30,8,2,297,6,0,3,556,0,2,0,1,746,0,492,69,185,507,5,2800,459,0,0,2,2,0,30,0,66,178,386,1530,24,0,113,547,2990,56,244,1284,647,238,3,2,220,123,688,10,1161,4136,14,341,202,3,214,823,22,3796,2,0,503,0,5,78,1,15,249,11,5,998,0,0,0,0,21,2773,9,5,6,115,10,0,866,19,3,0,1,5,156,260,0,87,54,1,321,0,30,2,66,56,0,0
GSM5016047,2,4,2195,1606,43,15,13,8,1,0,3,337,10,1,1,1665,0,10,1,3,1257,0,714,68,128,311,3,2839,353,0,0,2,2,0,28,0,361,96,324,1970,15,0,330,346,3957,32,202,975,1349,434,7,1,715,45,1265,1,1023,717,42,238,484,8,618,1654,9,8882,1,0,239,0,4,96,1,47,386,9,12,1006,0,0,0,0,22,4126,19,6,9,7,15,1,692,5,2,0,3,8,261,117,0,62,115,5,361,1,80,11,4,115,0,0
GSM5016048,194,31,1124,1395,186,47,3360,3150,0,1,1,351,4,0,4,756,0,0,0,2,548,0,256,1,73,277,6,1611,241,1,0,4,0,0,15,0,246,63,244,1077,159,0,288,870,3446,5,94,579,1411,1000,1,1,172,26,734,3,1301,518,22,188,192,1,399,1051,7,6504,1,0,8,0,12,69,2,34,1375,3,2,678,0,2,0,0,10,2142,30,5,5,18,8,0,972,4,1,0,1,11,436,109,0,75,195,2,183,0,46,5,0,91,0,1
GSM5016049,17,22,1478,2449,68,18,1,0,1,4,6,310,7,1,1,812,0,12,1,3,1514,0,896,82,218,413,16,4986,640,0,0,8,4,0,40,0,128,251,622,1878,26,0,210,182,4355,43,923,2495,584,269,15,4,443,148,1207,2,994,1742,64,434,193,3,243,1495,11,4315,8,0,692,0,9,39,6,57,410,15,13,1553,0,0,0,2,38,6283,7,6,9,92,26,0,623,29,2,0,0,14,147,708,0,93,365,5,563,0,53,12,136,129,0,1
GSM5016050,7,23,483,1046,70,18,5,1,1,4,22,297,12,1,3,664,0,11,1,0,1157,0,966,71,126,340,16,3781,362,0,0,3,3,0,32,0,168,122,482,1406,86,1,160,338,2823,33,583,1338,671,174,13,2,323,73,844,2,687,875,49,356,174,17,470,1303,12,3536,2,0,2122,1,62,129,3,48,249,19,13,1301,0,0,0,0,25,4724,11,11,5,52,25,0,561,36,3,0,0,10,117,483,0,42,33,3,444,0,34,7,197,129,0,1
GSM5016051,7,3,417,660,52,14,0,0,0,0,1,221,6,0,1,672,0,4,1,0,874,1,436,57,123,304,9,2827,418,0,0,1,1,0,20,0,311,184,294,1445,39,1,252,366,3523,29,308,1066,982,313,6,2,424,69,1025,0,851,780,21,308,326,13,672,1317,14,6490,0,0,309,0,3,88,4,68,261,12,12,965,1,0,0,0,16,3876,16,9,10,17,16,0,555,5,2,0,0,13,229,207,0,59,189,6,352,0,46,6,18,88,0,2
GSM5016052,15,10,1916,1439,53,10,14,1,1,5,7,227,4,0,1,587,0,3,0,2,814,0,417,19,118,296,16,2954,359,0,0,4,3,0,26,0,172,117,189,1024,19,1,229,489,2228,27,216,759,637,345,8,3,334,47,677,18,644,1063,37,310,201,3,449,987,9,2960,2,0,24,0,10,240,4,25,245,13,9,1032,0,0,0,0,25,3601,21,15,10,124,13,0,670,10,3,0,0,10,101,493,0,49,233,2,285,2,47,2,11,97,0,0
GSM5016053,7,17,1660,2279,18,13,10,6,3,0,5,177,6,1,1,823,0,5,3,2,850,1,685,3,132,355,12,4730,519,0,0,53,2,0,29,0,289,201,351,2308,10,0,486,456,3869,31,404,1864,515,341,9,1,394,74,1370,4,896,878,60,348,430,2,617,1711,20,6144,8,0,119,0,28,112,6,42,197,10,15,1416,0,2,0,0,31,5678,9,10,6,137,19,0,481,15,2,0,0,10,127,196,0,89,291,3,447,1,31,7,53,135,0,0
GSM5016054,5,6,1290,1315,20,5,0,0,0,0,1,251,11,0,1,709,0,2,0,0,379,0,261,46,95,297,1,2319,265,0,0,0,8,0,14,0,177,101,138,2048,15,0,684,1313,2593,13,25,567,1485,973,5,0,173,20,1214,0,833,1099,24,125,120,1,572,1457,35,5789,1,0,8,0,4,38,2,19,210,7,1,859,0,1,0,0,10,1551,11,1,20,10,0,0,1395,1,0,0,0,8,252,17,0,66,235,16,210,0,29,7,3,28,0,0
GSM5016055,14,8,510,894,40,27,7,4,0,4,5,148,2,0,0,689,0,12,1,1,1365,1,336,65,106,176,2,4425,521,0,0,4,5,0,26,0,73,348,124,870,21,0,336,42,1727,38,864,914,212,50,35,3,309,118,474,2,374,740,28,401,64,7,120,780,2,1371,11,0,152,0,12,116,7,21,153,29,10,861,0,0,0,1,54,5379,28,11,6,134,32,0,258,19,7,0,1,15,38,715,0,48,98,0,442,0,24,20,238,96,0,1
GSM5016056,5,4,1864,2261,24,13,0,1,0,0,0,251,14,0,3,1151,0,4,1,2,589,0,587,106,155,344,5,3968,437,0,0,5,1,0,16,0,207,46,332,3233,9,2,749,1511,3587,6,73,1389,913,652,6,0,279,19,2030,0,1534,1038,80,179,704,5,1537,2237,22,11612,1,0,7,0,8,51,0,51,239,5,3,1356,0,2,0,0,9,3861,2,1,8,5,6,0,1195,0,2,0,0,13,288,18,0,86,256,3,369,0,52,10,3,64,0,1
GSM5016057,0,0,265,906,0,0,1335,1392,0,0,1,487,0,0,0,806,0,0,0,0,1087,0,1048,214,232,1229,0,3636,905,0,0,0,0,0,78,0,31,263,311,3236,54,0,0,512,2682,351,108,1644,625,496,0,0,226,124,1552,0,2056,11319,0,545,0,0,435,830,0,3172,32,0,1100,0,0,79,1,0,290,0,0,1402,0,0,0,0,100,4476,0,0,0,181,0,0,1344,19,0,0,0,0,20,553,0,298,0,89,848,0,33,0,0,0,0,0
GSM5016058,620,57,1088,1740,164,43,4219,3631,24,8,3,263,8,0,0,988,0,10,0,0,1460,1,580,131,176,396,13,6257,533,0,0,0,0,0,45,0,179,222,512,2108,123,0,252,808,3947,58,576,1239,2297,465,6,3,451,77,1030,4,1489,1837,94,395,259,10,798,1368,33,9622,2,0,169,0,12,56,4,56,297,16,9,1313,0,0,0,1,29,5239,14,10,16,31,21,0,742,15,4,0,1,12,235,356,0,96,265,7,501,0,39,8,40,148,0,0
GSM5016059,16,4,655,1680,76,20,6,4,2,13,14,432,9,0,0,734,0,10,1,2,1550,1,1261,53,264,919,59,3686,604,0,0,1,1,0,30,0,73,151,345,2198,37,0,312,187,4266,40,937,3122,601,148,7,13,337,184,1062,19,821,2006,37,527,83,8,328,1423,12,3613,2,0,1568,0,12,210,6,14,492,23,13,1438,0,0,0,0,49,5674,14,10,4,134,21,0,883,72,2,0,0,8,170,965,0,112,32,3,686,0,44,9,12,153,0,1
GSM5016060,9,1,580,1414,20,5,3,0,0,2,1,195,5,0,0,618,0,2,1,0,565,0,449,41,138,388,3,2899,394,0,0,1,3,0,30,0,164,73,488,2635,4,1,338,1191,3640,16,85,1460,1615,453,4,0,240,51,1648,0,1126,1435,43,187,543,1,1183,1526,12,9971,1,0,99,0,5,17,0,27,149,4,2,1004,0,3,0,0,18,3233,9,2,11,7,3,0,774,0,2,0,0,12,219,39,0,81,411,4,358,0,42,7,2,86,0,1
GSM5016061,80,16,58,418,44,10,128,26,7,8,5,162,3,0,0,502,0,8,0,3,1730,3,510,46,174,243,7,4807,397,0,0,0,2,0,28,0,41,225,209,995,10,0,13,8,1983,48,1188,1342,150,29,13,4,341,125,494,3,533,1674,33,347,64,14,31,866,9,1266,5,0,51,0,17,36,4,23,166,31,14,613,0,0,0,0,45,5687,8,6,3,59,17,0,300,40,4,0,1,7,33,603,0,54,0,3,561,0,20,8,148,70,0,0
GSM5016062,7,5,2056,1806,96,21,3,2,2,1,1,383,12,0,0,955,0,13,1,3,1488,0,576,32,148,322,6,4341,521,0,0,2,3,0,34,0,461,100,467,1862,116,1,587,1422,4753,23,256,1213,1527,376,10,1,488,72,1245,2,1498,677,52,341,404,16,2019,2006,11,11596,0,0,198,0,14,244,2,99,557,10,6,1270,0,0,0,1,60,4886,35,3,18,24,15,0,812,6,4,0,2,18,360,282,0,68,444,3,430,0,69,13,59,131,0,0
GSM5016063,8,7,1202,2582,24,7,3,1,0,0,2,434,14,0,2,599,0,0,1,0,954,0,468,133,209,570,8,3435,515,0,0,9,4,0,30,0,148,178,276,2542,18,0,255,332,4627,49,335,2422,664,215,6,1,298,123,1468,10,1076,3831,99,284,131,7,686,1452,28,4422,2,0,718,0,10,71,8,11,543,12,10,1589,0,0,0,0,38,4489,3,6,7,255,7,0,1604,18,4,0,0,11,244,309,0,156,82,11,549,0,34,6,80,49,0,0
GSM5016064,24,11,712,1666,50,13,35,12,7,10,5,283,8,1,2,502,0,6,2,2,2129,0,663,63,224,480,17,5723,688,0,0,0,4,0,42,0,126,240,707,2386,28,3,366,478,4386,37,651,1955,653,175,16,6,431,168,1369,3,1382,4604,63,541,230,9,428,1576,36,4743,11,0,1386,0,9,72,9,31,286,37,8,1826,0,1,0,0,42,5171,13,26,3,86,15,0,861,19,6,0,1,19,146,592,0,139,235,3,537,0,35,8,145,102,0,2
GSM5016065,47,13,996,2139,105,26,36,17,10,10,15,429,3,0,1,850,0,9,0,1,1675,2,998,49,301,570,39,5662,824,0,0,0,0,0,55,0,130,345,468,2239,42,1,200,180,5257,76,1046,2248,698,121,11,12,697,149,1357,14,1347,1910,43,632,153,11,371,1924,15,4998,3,0,1371,0,46,89,3,35,527,36,13,1481,1,0,0,1,52,7176,63,11,4,93,19,0,646,43,5,0,4,20,153,2128,0,93,131,6,852,0,52,18,237,177,0,2
GSM5016066,7,6,1165,1231,34,7,0,0,1,0,2,213,12,1,1,1186,0,8,0,0,846,0,353,111,104,330,4,3238,366,0,0,3,3,0,27,0,217,126,248,1769,9,1,501,838,3140,81,158,1079,860,414,7,0,606,26,1122,0,1113,682,36,207,319,8,897,1582,5,8021,0,0,926,0,10,58,7,27,204,10,4,1106,0,0,0,0,19,3741,11,2,15,8,11,0,532,3,6,0,0,8,188,129,0,44,543,5,415,0,78,6,19,92,0,0
GSM5016067,145,23,202,839,54,11,1235,399,9,6,9,300,6,0,0,455,0,6,0,0,1151,0,862,38,162,492,15,3233,528,0,0,1,3,0,24,0,53,117,313,1378,22,0,86,168,3492,38,467,1594,486,98,9,4,256,93,725,5,1070,1817,22,423,117,9,163,985,5,2934,1,0,2231,0,31,81,6,32,380,9,10,1142,0,0,0,1,23,3955,43,3,5,71,12,1,449,24,4,0,1,8,136,513,0,84,20,2,505,0,19,10,73,110,0,2
GSM5016068,15,14,191,1872,79,15,14,2,8,6,11,243,6,3,4,704,1,3,0,0,1494,2,1029,62,206,478,19,5460,583,0,0,1,2,0,39,0,57,311,290,1837,16,1,18,1,3946,87,893,2865,424,92,12,3,479,125,995,17,858,1250,26,440,82,17,60,1120,21,2512,1,0,836,0,27,17,6,12,263,22,10,1365,0,0,0,1,51,7345,28,6,6,122,15,0,404,41,3,0,2,14,78,1257,0,79,4,3,760,0,44,8,53,160,0,2
GSM5016069,3,8,2194,2421,29,8,0,0,1,3,3,259,12,0,1,800,0,4,0,3,655,1,407,152,113,277,12,3590,322,0,0,33,0,0,12,0,283,112,129,1344,50,0,332,648,2715,41,207,768,904,350,8,0,742,34,1031,1,899,484,60,246,532,6,706,1292,12,4493,1,0,495,0,34,253,3,66,371,5,2,1059,0,0,0,0,11,2748,18,1,19,8,12,0,690,3,1,0,0,6,181,162,0,55,307,3,246,1,52,5,10,135,0,0
GSM5016070,10,16,269,876,21,5,251,16,2,10,2,256,3,0,0,555,0,1,0,1,651,0,576,54,169,373,4,2147,500,0,0,1,4,0,19,0,72,131,1041,2024,19,0,281,584,4144,27,169,2358,989,331,3,2,175,120,1145,3,648,2649,40,265,225,0,337,1071,20,4587,8,0,374,0,7,13,3,15,202,10,4,1239,0,1,0,1,22,4397,2,2,11,67,10,0,641,17,0,0,0,4,165,112,0,122,44,2,389,0,24,3,141,54,0,0
GSM5016071,5,4,684,1190,32,9,4,2,0,9,2,165,6,0,24,666,0,3,0,1,692,0,403,51,163,347,2,2743,353,0,0,1,0,0,20,0,284,111,367,2156,56,0,407,1334,3875,24,186,1298,1154,361,7,0,277,49,1369,0,1006,1039,45,247,542,3,1155,1279,10,11691,1,0,186,0,6,38,1,45,147,5,3,1008,0,4,0,1,17,3929,6,11,2,25,13,0,696,5,2,0,1,16,221,97,0,88,34,7,399,0,37,5,41,95,0,0
GSM5016072,140,9,140,808,13,3,1618,797,8,12,3,202,3,0,0,559,0,3,0,1,463,2,503,39,126,382,7,1970,424,0,0,0,2,0,15,0,45,99,613,1744,7,0,94,84,3719,50,249,2887,360,98,3,3,183,109,950,6,810,2875,33,209,146,4,191,949,13,3165,4,0,938,0,4,15,3,23,247,3,7,1064,0,0,0,0,18,5024,4,4,5,64,9,0,465,28,1,0,0,4,107,185,0,97,12,2,465,0,18,10,120,63,0,1
GSM5016073,20,31,15,1009,83,16,168,35,15,12,10,235,5,1,0,275,0,6,0,0,888,0,943,23,171,460,6,2360,338,0,0,0,1,0,16,0,36,91,164,1206,17,0,16,16,3370,25,702,2075,375,40,8,6,366,137,579,5,685,1665,25,363,94,15,37,937,13,1663,14,0,223,0,6,75,6,8,379,26,9,1298,0,0,0,0,65,4149,2,9,5,47,14,0,502,63,3,0,1,11,101,500,0,90,4,1,519,0,21,8,10,80,0,0
GSM5016074,4,6,460,491,9,5,0,0,0,0,1,195,6,0,5,911,0,1,0,0,482,0,387,30,109,296,2,2455,317,0,0,4,2,0,25,0,257,129,451,2269,9,0,617,2045,3406,4,36,1161,1806,590,4,0,169,43,1418,0,1175,837,14,160,435,1,725,1473,16,10451,0,0,11,0,0,40,0,41,254,8,6,896,0,3,0,0,18,3167,7,2,4,2,5,1,814,0,0,0,0,8,343,19,0,73,105,0,353,0,38,6,0,55,0,0
GSM5016075,124,10,327,586,30,10,565,516,6,5,4,275,8,0,6,818,0,2,0,0,774,0,536,31,217,550,5,3040,514,0,0,0,0,0,24,0,134,104,125,2027,40,0,126,800,4184,51,158,1552,776,469,1,2,261,105,995,3,1450,2788,13,364,241,0,544,1262,11,7396,0,0,239,0,8,37,4,23,248,6,8,1102,0,0,0,0,41,4249,2,4,7,88,8,0,765,14,0,0,0,16,174,201,0,100,95,5,416,0,35,9,76,65,0,0
GSM5016076,18,5,434,847,19,4,29,0,3,1,3,241,7,0,1,616,0,5,0,1,607,0,473,23,134,392,1,2515,404,0,0,3,1,0,14,0,126,107,268,2223,1,0,208,572,4243,27,177,2248,1226,293,8,0,158,93,1335,1,949,2227,39,229,217,1,490,1576,22,7130,2,0,218,0,6,36,6,21,273,4,8,1188,0,0,0,0,17,4823,2,6,4,63,8,0,659,17,3,0,1,4,209,111,0,90,181,5,502,0,30,6,80,55,0,1
GSM5016077,14,9,388,1028,36,6,0,5,0,5,5,279,3,3,1,750,1,5,0,0,847,0,564,17,135,525,15,2906,408,0,0,1,3,0,10,0,140,95,218,1694,35,0,151,614,3283,39,297,1304,1063,283,3,1,246,81,846,6,1066,2366,40,333,165,1,474,1156,5,4983,2,0,546,0,7,30,6,19,427,11,9,1092,0,1,0,0,10,3745,12,8,3,63,1,0,802,13,5,0,0,11,178,394,0,79,44,8,396,1,22,3,78,72,0,5
GSM5016078,12,9,2547,1372,18,4,0,3,0,1,1,133,10,0,0,784,0,10,1,0,658,1,386,36,75,195,7,3191,286,0,0,20,0,0,17,0,261,158,221,1594,3,0,833,806,2717,34,103,1166,465,359,19,0,494,51,1037,0,949,291,55,251,460,10,888,1263,10,7259,0,0,6,0,6,187,0,60,230,6,15,958,1,1,0,1,15,4117,20,11,13,4,22,7,499,3,0,0,0,16,176,115,0,50,551,3,328,4,27,17,1,93,0,1
GSM5016079,13,9,373,774,38,11,190,94,4,11,4,181,5,0,1,472,0,2,0,1,984,0,719,22,167,417,1,4826,477,0,0,10,3,0,31,0,56,167,354,2582,11,0,114,270,3206,44,391,2386,393,170,8,5,322,133,1308,7,772,1701,35,256,138,7,314,1284,20,3867,2,0,2501,0,8,23,3,22,151,18,12,1210,0,0,0,0,14,5127,9,6,4,53,6,0,434,36,3,0,0,0,89,260,0,74,86,2,568,0,34,7,85,75,0,0
GSM5016080,17,11,440,1183,59,14,21,0,10,5,4,269,6,1,1,551,0,6,3,1,1063,0,521,36,136,390,19,3153,365,0,0,0,1,0,30,0,188,112,243,1798,153,0,286,846,3329,27,54,1111,1628,368,7,1,373,88,922,2,1272,992,23,249,259,6,253,1238,13,5260,4,0,210,0,5,161,2,30,332,22,6,1211,0,0,0,0,19,3392,38,9,6,27,7,0,743,15,3,0,0,7,222,321,0,70,174,4,314,0,39,7,29,141,0,1
GSM5016081,56,20,576,1692,40,10,14,11,1,5,30,233,6,0,0,772,0,15,3,1,1585,3,629,2,164,438,3,5144,620,1,0,11,3,0,38,0,151,345,207,1818,60,1,387,329,4231,52,1002,1875,445,183,20,5,434,92,1049,2,956,1294,63,499,236,8,351,1540,19,4655,8,0,758,0,10,96,6,61,336,24,12,1255,0,1,0,1,53,6548,13,8,8,41,28,0,556,21,3,0,0,11,132,633,0,92,163,0,598,1,37,6,67,128,0,2
GSM5016082,44,10,1786,1758,26,4,193,70,2,1,7,228,5,0,1,865,0,7,0,1,1171,0,594,98,147,403,8,6572,618,0,0,19,4,0,49,0,152,152,381,2572,11,1,393,567,4439,45,683,2040,1000,377,7,0,684,110,1627,2,1020,1407,64,341,333,8,1143,1882,4,7279,9,0,218,0,69,149,6,51,235,21,7,1386,0,2,0,0,55,6934,13,7,8,63,28,0,645,27,5,0,0,22,138,406,0,72,243,6,695,0,28,8,49,117,0,0
GSM5016083,19,24,4068,4707,109,21,12,7,2,6,7,567,10,0,1,1249,0,13,2,1,1837,2,940,101,236,584,52,5854,788,0,0,1,0,0,42,0,157,193,420,2335,87,1,507,483,4904,35,812,1635,1720,624,6,8,650,106,1470,4,1774,1507,64,726,511,7,821,1978,23,8118,5,0,107,0,158,652,5,72,749,47,5,2212,0,0,0,0,55,5972,42,11,8,261,26,0,1090,27,4,0,4,20,256,733,0,78,151,4,549,0,85,10,213,432,0,0
GSM5016084,40,7,53,670,14,5,27,3,0,2,8,468,3,0,0,516,0,0,0,3,530,0,425,3,222,736,24,2300,505,0,0,0,0,0,5,0,47,99,208,1756,29,0,52,335,4405,71,177,1459,400,218,0,2,158,152,737,34,1088,5108,7,220,53,0,144,628,17,2687,5,0,616,0,16,55,5,6,933,4,3,1012,0,0,0,0,31,3170,12,1,12,119,1,0,1215,48,3,0,0,11,169,299,0,107,4,4,291,0,43,6,70,54,0,0
GSM5016085,108,26,431,952,41,7,3004,851,9,0,11,427,10,1,0,859,1,3,1,3,952,0,821,54,223,752,11,4116,714,0,0,3,5,0,24,0,239,143,620,3368,17,0,412,917,5968,42,377,3303,1336,363,5,5,419,164,1814,8,1953,3064,41,366,421,8,616,2300,7,8788,9,0,1511,0,8,62,5,42,565,15,8,1874,0,1,0,0,31,5874,12,7,17,102,8,0,1331,31,3,0,2,10,351,254,0,119,110,8,724,0,68,13,153,119,0,0
GSM5016086,35,6,1394,2815,63,18,23,10,6,1,22,430,29,0,0,1111,0,5,2,2,843,1,797,105,231,623,45,4680,588,0,0,1,4,0,43,0,118,162,451,2207,12,0,286,544,3702,112,411,1846,752,400,3,3,453,101,1403,10,1354,2189,75,403,262,4,473,1521,14,5509,1,0,1568,0,53,84,2,33,311,16,5,1575,0,0,0,0,26,4699,22,5,18,70,8,0,952,31,6,0,1,10,220,900,0,119,249,6,498,1,73,6,87,146,0,1
GSM5016087,29,23,559,1093,93,23,145,12,4,0,8,425,21,0,5,1218,0,20,0,2,2103,0,964,47,225,709,21,7700,852,0,0,28,7,0,59,1,432,281,632,3160,44,0,775,1273,6023,55,1293,3060,897,396,12,3,828,172,2188,3,1820,1511,54,544,446,11,1217,3003,21,10543,3,0,2556,0,12,198,13,74,483,23,16,1939,0,8,0,3,51,9083,50,15,6,81,51,0,947,35,8,0,1,11,255,541,0,142,1141,8,874,0,69,30,108,167,0,2
GSM5016088,7,9,144,841,417,108,1,1,7,1,19,427,7,0,1,278,0,8,0,2,1620,1,995,20,159,491,58,3319,425,0,0,1,6,0,47,0,27,160,192,823,57,0,16,6,1779,19,478,1001,407,19,7,8,329,122,551,10,460,1091,26,484,11,5,24,1107,10,876,0,1,5566,0,1,319,11,11,447,27,13,1445,0,0,0,0,44,4112,15,4,2,93,17,0,530,37,6,0,1,9,53,1347,0,73,1,3,549,0,21,7,183,81,0,5
GSM5016089,30,8,397,775,44,13,56,0,2,4,5,362,11,1,4,686,0,6,0,0,1167,1,624,71,206,447,10,3078,559,0,0,0,4,0,25,0,163,215,302,1946,28,0,156,500,4225,56,640,1823,992,345,7,1,279,128,1008,5,841,2148,32,304,150,5,365,1215,15,5447,11,0,9,0,5,28,6,41,382,9,8,1267,0,0,0,0,31,4143,15,5,8,70,21,0,744,14,3,0,2,7,205,511,0,78,33,3,504,0,48,8,57,67,0,0
GSM5016090,7,7,1216,1051,25,6,4,1,1,2,8,121,3,1,0,859,0,6,0,1,748,0,597,22,92,320,1,3317,407,0,0,4,2,0,29,0,176,107,326,1740,6,0,364,564,3058,25,338,1910,401,202,6,3,266,79,1081,0,741,823,68,298,303,9,1000,1493,3,6339,2,0,197,0,97,19,1,48,87,10,6,1291,0,0,0,2,15,3811,9,8,4,28,7,1,346,8,3,0,1,4,72,106,0,42,340,5,546,0,35,14,24,81,0,1
GSM5016091,6,4,748,764,49,9,8,0,0,0,5,254,2,0,0,906,0,7,1,0,960,0,485,16,101,271,1,2565,485,0,0,1,2,0,23,0,173,143,364,1509,38,1,267,340,3423,22,518,1273,757,419,10,2,237,93,707,0,747,715,32,333,301,4,532,1136,8,5658,6,0,326,0,4,65,2,48,344,12,9,921,0,0,0,0,27,4157,5,5,4,48,14,0,403,11,1,0,1,9,183,312,0,61,88,3,425,0,25,10,74,92,0,1
GSM5016092,4681,415,1014,1967,5295,1241,76889,75690,388,81,7,460,9,1,9,770,0,0,0,3,988,1,670,39,238,518,16,4171,566,0,0,7,3,0,27,0,278,145,325,2502,30,1,400,389,5303,53,341,2669,1258,394,5,3,322,113,1188,10,2024,2138,53,432,299,7,712,1778,21,6079,1,0,899,0,47,33,4,33,801,16,2,1694,0,0,0,0,32,4628,21,4,6,51,12,0,1085,22,3,0,0,12,259,324,0,108,263,10,632,0,62,21,209,135,0,0
GSM5016093,470,21,276,853,33,10,1288,908,5,13,1,208,8,1,0,524,0,2,0,0,441,0,666,47,152,331,3,1938,368,0,0,0,0,0,18,0,116,196,222,2224,8,0,244,874,4663,42,57,2192,575,375,4,1,163,91,1245,3,1164,1816,18,224,384,2,410,1433,5,6218,2,0,89,0,5,22,2,21,262,6,4,1080,1,0,0,0,20,3986,3,3,5,37,7,0,731,9,1,0,0,7,176,103,0,94,76,3,380,0,23,8,17,34,0,0
GSM5016094,11,4,3000,2193,51,9,0,0,0,2,0,233,4,0,0,935,0,3,3,1,735,0,322,22,91,250,4,2774,263,0,0,2,1,0,22,0,537,54,166,1365,95,1,389,559,2478,11,160,594,1600,350,4,0,319,21,901,0,839,441,58,203,384,3,911,1269,6,6426,2,0,6,0,10,274,1,44,287,6,6,932,0,1,0,1,15,2630,18,11,6,9,8,0,576,1,2,0,0,9,187,39,0,44,139,8,255,0,49,3,0,92,0,0
GSM5016095,5,2,1012,1290,36,9,4,1,0,0,1,201,6,1,1,1678,0,6,1,0,689,0,560,82,115,319,2,3688,330,0,0,4,0,0,40,0,343,45,250,2024,19,0,986,801,3408,11,143,1434,4565,409,5,4,857,42,1576,0,1569,494,57,241,550,17,1173,2203,8,10312,0,0,6,0,6,34,1,47,249,6,8,1237,0,1,0,0,13,4184,16,1,8,5,20,0,695,1,4,0,0,7,218,37,0,67,534,5,418,0,47,2,2,114,0,0
GSM5016096,9,21,345,786,28,8,6,1,8,3,4,170,6,1,4,493,0,4,0,0,1634,0,923,58,125,303,2,4208,489,0,0,2,6,0,28,0,80,164,469,1822,5,0,172,83,2959,46,837,1794,356,125,14,2,469,88,1002,3,564,1116,28,354,155,11,218,1424,22,3529,0,0,2401,0,4,74,3,49,127,14,13,1445,0,0,0,0,26,5274,12,10,6,55,21,0,280,31,2,0,1,5,53,327,0,53,26,1,649,0,24,5,30,96,0,0
GSM5016097,2,5,1303,1901,21,4,0,4,0,0,1,237,12,1,4,785,0,1,1,0,412,0,253,47,102,271,4,2886,261,0,0,3,4,0,20,0,188,98,239,2154,10,0,659,1011,2839,28,50,839,622,470,3,0,242,23,1478,2,1284,730,64,116,483,1,1031,1296,11,7740,0,0,15,0,9,70,1,52,196,5,4,885,0,1,0,0,8,2648,4,2,13,26,7,0,900,0,0,0,0,7,193,35,0,92,252,7,272,0,49,2,1,51,0,1
GSM5016098,14,3,822,728,32,5,2,0,0,0,1,260,6,0,1,931,0,6,1,2,901,0,275,31,85,223,3,3429,257,0,0,1,0,0,24,0,349,110,326,1513,13,0,730,982,2623,10,134,883,1257,483,6,0,324,49,918,0,1052,440,28,194,397,5,957,1484,1,8250,2,0,6,0,11,29,0,65,261,6,3,905,0,0,0,1,36,3666,15,7,8,15,25,0,637,5,2,0,1,14,172,111,0,30,950,7,334,0,32,7,24,86,0,1
GSM5016099,2,9,1960,1828,45,17,0,0,0,0,6,283,9,1,3,725,0,1,0,0,834,0,392,72,118,331,7,2641,381,0,0,5,2,0,20,0,331,58,194,1667,113,0,474,1124,3017,8,118,957,716,706,10,0,270,41,1251,2,1682,614,58,247,289,4,1265,1411,13,6259,0,0,1288,0,6,49,0,34,414,5,3,1175,0,0,0,0,14,2903,10,2,9,25,6,0,1180,8,3,0,0,7,185,136,0,102,684,12,240,0,44,2,42,79,0,0
GSM5016100,16,3,449,840,38,8,91,16,0,3,4,247,8,0,1,509,0,4,1,1,705,0,510,25,189,409,7,2928,364,0,0,2,2,0,20,0,143,136,343,1830,31,0,257,694,3747,30,423,1328,628,331,8,2,201,87,1045,3,942,1696,44,249,214,8,292,1032,6,6917,7,0,230,0,39,58,3,22,290,23,3,948,0,0,0,0,20,3390,13,7,4,36,18,0,625,12,5,0,1,7,218,235,0,66,53,1,369,0,37,6,31,103,0,1
GSM5016101,6,7,2267,1581,46,9,2,1,0,1,0,198,3,0,1,893,1,5,0,2,681,0,376,61,82,237,2,2978,336,2,0,10,2,0,22,0,288,73,224,1820,9,0,577,897,2916,10,80,1179,985,319,6,0,240,53,1237,0,1050,393,66,208,602,7,1109,1824,4,8215,1,0,25,0,12,72,0,106,218,4,5,953,1,0,0,0,29,3928,9,5,8,7,20,1,578,0,2,0,0,11,160,42,0,61,211,5,403,0,41,8,4,109,0,1
GSM5016102,3,4,649,1017,19,7,0,33,0,1,7,257,6,0,1,818,1,0,0,0,591,0,650,19,156,496,10,3447,547,0,0,4,0,0,26,0,234,68,341,2076,81,0,624,796,3696,40,172,1228,802,377,7,2,333,62,1340,5,1236,1604,17,320,401,3,1083,1626,29,7515,0,0,944,0,11,73,1,49,178,8,14,1200,0,0,0,0,23,3641,19,4,11,54,10,0,939,12,1,0,2,12,129,136,0,100,259,10,319,2,40,9,53,112,0,2
GSM5016103,13,13,1084,1143,50,11,11,1,2,1,4,231,7,0,0,826,0,11,0,1,876,0,452,33,118,345,9,4453,423,0,0,4,0,0,24,0,283,100,286,2186,36,0,421,594,3913,27,477,1878,775,347,11,1,425,78,1502,3,1323,832,50,236,387,11,588,2055,41,7715,3,0,179,0,9,54,3,52,235,15,9,1329,0,0,0,0,24,4894,10,5,4,45,15,0,460,13,3,0,1,12,191,272,0,75,445,12,440,0,50,4,49,121,0,1
GSM5016104,34,29,67,543,24,8,167,1,4,2,3,166,5,1,0,213,0,5,0,0,1001,1,594,47,144,295,3,3158,553,0,0,0,2,0,20,0,21,181,176,2037,9,0,51,18,3659,30,332,2168,187,62,9,1,152,175,964,1,627,2525,58,297,102,3,44,751,6,1526,1,0,2083,0,9,40,6,18,118,21,4,1337,0,0,0,0,25,3705,1,13,4,197,11,0,320,26,1,0,0,4,60,386,0,99,8,0,531,0,9,8,126,50,0,1
GSM5016105,39,6,299,877,31,8,37,151,0,1,7,296,5,2,0,624,0,0,0,2,655,0,444,30,145,639,12,3653,652,0,0,0,3,0,17,0,135,132,284,1926,24,0,135,400,4439,66,199,1465,780,257,4,2,282,83,1044,12,1257,2786,28,316,265,2,410,1331,28,5269,0,0,88,0,9,77,2,24,457,10,3,952,0,0,0,0,17,3883,11,1,3,126,6,0,819,19,0,0,1,16,196,188,0,113,50,5,379,0,52,7,36,95,0,1
GSM5016106,20,16,170,1905,46,8,131,91,5,19,9,209,4,1,0,662,0,10,0,2,2055,2,914,94,209,297,7,5372,660,0,0,2,11,0,47,0,33,351,348,1736,16,0,22,21,3560,67,1284,2199,304,28,17,6,522,170,906,0,534,1330,53,548,28,16,68,1430,14,2336,3,0,2536,0,25,125,12,42,194,30,18,1293,0,0,0,0,45,8019,26,29,5,100,35,0,334,35,7,0,9,18,49,1068,0,60,14,3,819,0,38,13,225,130,0,2
GSM5016107,35,4,382,495,69,16,15,2,2,6,6,237,6,1,0,600,1,6,0,1,1367,0,407,30,185,373,6,4431,443,0,0,9,1,0,31,0,112,167,288,1798,16,1,188,573,3734,8,807,1564,797,250,8,1,372,115,1083,8,1112,1426,53,325,111,7,609,1102,21,4662,4,0,675,0,43,102,6,39,404,23,15,1208,0,1,0,0,43,5434,8,10,0,45,22,1,585,12,8,0,0,20,171,396,0,55,45,2,540,0,32,7,73,77,0,0
GSM5016108,16,22,2172,1980,44,7,35,0,3,0,27,1103,24,0,2,1148,0,1,0,0,812,0,779,109,224,938,55,4241,632,0,0,7,1,0,32,0,354,132,310,2808,134,2,581,1572,5890,41,201,1760,2164,1010,1,16,541,102,1792,28,2335,3258,29,382,622,3,1410,1693,12,8022,1,0,219,0,97,199,4,52,1959,14,6,1624,0,2,0,0,42,4753,53,7,24,278,4,0,3491,30,4,0,0,20,539,682,0,206,456,15,450,0,108,14,120,193,0,0
GSM5016109,4,3,768,985,12,8,4,4,1,1,1,188,7,0,1,694,0,2,0,0,648,0,225,8,114,257,1,2462,298,0,0,4,1,0,18,0,215,41,394,1907,10,0,416,699,3027,11,89,1102,787,290,8,0,297,45,1256,1,1315,393,43,122,474,3,466,1625,3,8615,2,0,793,0,8,15,1,34,164,5,4,951,1,0,0,0,7,2869,13,7,7,6,8,0,519,0,2,0,0,4,189,28,0,58,293,5,317,0,32,4,2,73,0,0
GSM5016110,85,15,179,614,33,11,158,64,6,8,6,162,6,0,0,373,0,4,0,0,1238,1,707,31,174,326,6,4714,436,0,0,3,4,0,30,0,69,226,558,1385,9,0,199,108,2977,33,1030,1837,276,87,5,4,293,109,712,2,655,1510,32,336,55,8,135,1188,16,2734,10,0,395,0,3,17,1,24,155,18,9,1092,0,0,0,0,39,5159,2,12,9,107,21,0,316,22,5,0,1,10,50,399,0,73,101,4,515,0,12,5,138,66,0,2
GSM5016111,3,5,1107,1037,32,9,1,1,2,0,1,163,6,0,1,1081,0,6,0,0,605,0,398,27,103,280,2,3624,372,0,0,7,0,0,24,0,371,98,136,1893,22,0,596,824,3427,17,81,1247,788,516,7,0,351,71,1340,0,1096,453,41,239,539,6,1032,1574,14,9953,4,0,148,0,11,33,4,57,181,10,7,998,0,0,0,0,29,4161,8,5,7,11,18,0,464,2,3,0,0,10,184,64,0,76,470,3,365,0,31,14,13,104,0,1
GSM5016112,39,37,236,768,20,7,81,8,7,17,3,199,6,0,0,556,0,4,0,1,710,1,522,33,166,308,5,2931,440,0,0,3,2,0,19,0,77,164,526,2116,19,0,230,821,3392,34,368,2324,737,398,11,1,191,110,943,1,773,2274,35,284,272,11,462,1021,9,6518,1,0,539,0,5,41,4,12,175,15,6,1142,0,1,0,0,28,4990,2,17,4,42,7,0,451,22,7,0,0,7,116,246,0,77,47,4,524,0,20,7,81,78,0,0
GSM5016113,2,6,4199,2036,169,29,0,6,2,2,1,720,15,0,4,1884,2,1,0,3,2120,0,659,74,171,425,8,5341,508,0,0,14,4,0,35,0,599,45,247,2449,175,4,1018,2281,4829,13,298,840,5383,978,32,0,920,70,1582,0,1934,878,84,462,433,22,1190,2549,14,11278,4,0,7,0,17,430,1,84,1139,15,9,1652,0,0,0,2,75,4686,63,21,8,15,63,0,1134,3,2,0,1,5,542,117,0,90,833,8,467,0,108,19,0,133,0,0
GSM5016114,32,11,1888,1548,45,12,88,13,1,3,0,250,7,0,0,811,0,4,2,0,924,0,649,42,104,344,7,4171,459,0,0,2,0,0,23,0,271,142,304,1702,73,0,417,339,3760,21,568,1650,804,260,8,3,456,94,1067,2,1062,622,71,372,315,9,456,1484,30,5117,0,1,898,0,13,84,3,71,414,19,12,1245,0,0,0,0,30,5123,10,15,9,32,23,0,577,22,5,0,1,10,166,395,0,61,362,6,504,0,31,7,86,76,0,0
GSM5016115,10,10,3656,4820,45,15,62,32,0,0,1,505,10,1,0,1275,1,1,0,2,873,1,434,83,145,352,6,3977,432,0,0,5,2,0,29,0,618,51,372,2256,269,1,639,1622,4348,16,84,968,1729,986,8,0,292,36,1517,2,1832,697,108,215,502,3,1533,2101,10,10513,4,0,3,0,166,221,0,62,710,8,3,1285,0,0,0,0,22,2968,17,5,12,9,8,0,1045,1,4,0,0,12,531,41,0,74,912,4,316,0,58,4,1,93,0,0
GSM5016116,20,6,90,596,70,16,88,24,6,4,19,376,10,0,0,283,0,11,0,0,1424,2,1151,29,173,504,59,2969,420,0,0,0,2,0,34,0,13,104,188,1256,20,0,10,120,2053,32,935,1314,426,49,5,10,226,115,730,16,455,1231,35,386,12,13,53,1034,5,1503,0,0,4678,0,8,24,4,18,250,16,26,1681,0,0,0,1,20,3637,13,7,2,79,20,1,547,45,4,0,3,6,72,733,0,68,6,1,479,0,35,5,72,82,0,4
GSM5016117,58,20,116,661,38,10,970,93,15,14,12,351,4,0,0,320,0,5,0,0,1724,0,472,48,234,531,16,4210,588,0,0,0,2,0,30,0,32,198,245,1985,25,0,67,301,2981,30,690,1361,349,172,5,9,363,161,853,2,1070,2802,31,458,110,2,189,939,27,2410,1,0,227,0,8,30,6,20,360,20,4,1518,0,0,0,0,25,3659,10,18,3,143,18,0,716,46,8,0,1,8,142,970,0,95,58,5,412,0,26,6,213,66,0,0
GSM5016118,5,5,230,1885,36,7,7,0,0,3,26,817,11,0,0,455,0,0,0,3,566,1,1020,63,209,1062,30,2318,563,0,0,0,10,0,24,0,45,188,160,1894,36,0,108,266,4112,31,161,1746,936,244,0,29,175,108,934,52,1131,2761,19,350,62,4,220,690,7,2807,0,0,2002,0,16,34,3,9,1090,6,2,1060,0,1,0,0,36,3060,12,4,3,757,1,0,1821,76,5,0,0,17,192,648,0,140,64,15,427,0,61,9,33,87,0,0
GSM5016119,16,9,828,1157,58,10,0,1,8,4,11,249,16,0,1,684,1,8,2,0,921,0,1054,177,145,395,10,3738,555,0,0,1,4,0,37,0,149,273,419,1634,71,0,270,538,3603,77,683,1604,542,261,12,4,504,92,999,2,889,674,37,399,264,6,629,1465,31,5945,2,0,1298,0,10,63,3,34,176,19,11,1255,0,1,0,0,18,4265,10,18,16,89,15,0,519,15,4,0,0,9,105,462,0,68,95,2,577,1,55,6,27,109,0,2
GSM5016120,6,18,715,1113,41,11,15,0,1,3,2,312,14,2,5,1137,0,1,0,3,912,1,742,44,139,433,4,4099,511,0,0,0,2,0,45,0,129,173,610,2678,44,0,342,1031,4973,65,215,1821,827,390,9,2,271,87,1700,1,1148,980,41,303,482,11,815,1370,25,10759,2,0,42,0,14,106,2,42,251,11,10,1240,0,0,0,0,37,5342,8,22,11,26,15,0,582,17,2,0,0,11,295,223,0,96,34,0,529,0,62,8,118,141,0,0
GSM5016121,32,12,1711,2191,55,13,141,91,1,2,4,308,12,0,1,1147,0,5,3,3,1529,0,629,37,211,479,11,6621,578,0,0,1,4,0,32,0,171,208,313,2509,19,0,420,497,4913,64,624,2569,724,191,14,3,584,128,1454,0,1463,1671,86,443,270,15,273,1968,33,6412,12,0,1442,0,9,63,4,57,371,17,6,1527,0,2,0,0,38,7284,12,5,10,40,21,0,590,24,7,0,0,12,190,387,0,109,256,6,642,0,67,7,147,150,0,0
GSM5016122,8,4,266,470,26,6,4,2,1,3,10,203,4,1,0,743,0,12,0,1,883,2,504,52,169,431,4,3781,523,0,0,2,0,0,41,0,265,134,327,2433,51,0,358,817,3622,38,489,1873,1274,412,2,4,350,96,1355,2,1094,779,27,295,250,2,718,1482,51,9091,1,0,982,0,7,107,2,60,83,9,4,1490,0,1,0,1,21,5107,10,8,2,93,10,0,355,29,4,0,0,10,85,199,0,74,92,4,597,0,27,5,64,82,0,2
GSM5016123,14,16,1361,700,32,12,251,329,1,0,1,136,12,0,4,631,0,5,1,0,830,1,316,44,74,221,2,5572,382,0,0,28,0,0,33,0,641,153,248,1897,50,0,912,740,2989,7,176,885,663,317,5,0,391,46,1433,0,1338,353,32,215,526,8,1226,1853,10,8613,1,0,2,0,25,91,0,106,155,5,4,1142,0,0,0,0,15,4001,4,9,5,2,22,0,614,0,1,0,2,6,114,28,0,50,1144,4,377,4,28,5,0,95,0,0
GSM5016124,154664,32528,102,969,164819,42477,6829883,7914858,355,10343,1,236,5,0,1,387,0,4,1,0,526,0,1187,30,139,330,1,2164,187,0,0,2,0,0,7,0,63,67,187,1951,21,0,20,53,2661,50,107,1828,680,34,1,0,149,50,653,10,1234,767,65,132,119,5,94,652,20,934,5,0,23,0,10,24,1,8,197,15,4,687,0,0,0,1,4,3045,10,2,4,75,11,0,399,12,1,0,0,2,153,185,0,62,5,2,219,1,23,6,10,54,0,0
GSM5016125,0,7,1515,1742,33,7,4,0,1,1,0,254,8,0,8,931,0,6,0,0,558,3,514,82,137,370,3,3324,494,0,0,11,2,0,21,0,538,100,278,2515,121,0,591,1060,4201,24,195,1465,1963,557,6,3,225,65,1483,5,996,742,43,241,619,1,1240,1829,5,9209,2,0,1850,0,133,47,2,45,312,4,6,1176,0,4,0,0,26,3492,17,7,11,59,19,0,798,7,2,0,0,6,308,171,0,90,389,5,392,0,41,11,27,104,0,1
GSM5016126,3,5,2206,2891,37,9,3,6,0,0,1,370,11,0,3,1386,1,3,1,0,825,0,498,293,155,339,2,3694,328,0,0,16,2,0,15,0,308,163,230,2359,24,0,471,895,3102,80,130,1078,764,432,10,1,520,26,1735,3,1190,612,93,156,486,5,774,1934,14,6783,1,0,134,0,15,73,1,22,332,11,4,1271,0,0,0,0,7,3548,33,5,26,16,9,0,826,2,1,0,0,13,264,160,0,41,323,7,312,0,93,9,4,104,0,0
GSM5016127,11,9,2270,2744,43,9,1,0,0,0,2,262,13,1,1,1095,0,4,0,1,671,1,380,113,106,307,5,2833,286,0,0,2,5,0,14,0,377,126,173,1695,15,0,323,467,3222,66,61,740,1227,356,9,1,443,31,1165,1,972,713,67,171,434,3,575,1449,7,5199,0,0,93,0,5,102,3,33,305,5,5,917,0,5,0,1,12,2854,19,6,18,17,14,1,836,4,1,0,0,6,223,99,0,65,252,1,273,0,66,6,22,70,0,0
GSM5016128,13,17,1931,2202,39,9,14,1,1,0,1,233,6,0,2,902,0,4,0,0,801,0,643,90,126,313,10,4696,426,0,0,15,0,0,38,0,323,70,355,1957,92,1,632,744,4012,13,323,1416,1719,534,10,1,520,59,1472,0,1074,713,64,208,298,7,972,1939,4,8553,0,0,636,0,7,69,4,45,373,7,8,1187,0,1,0,0,24,5076,8,4,2,6,16,0,533,5,3,0,2,13,293,121,0,49,323,3,442,0,53,9,41,130,0,0
GSM5016129,640,150,2017,2561,781,182,35135,35375,2,40,2,391,35,1,0,1471,0,7,0,1,1137,0,315,340,127,465,6,4597,571,0,0,1,2,0,32,0,341,277,360,2377,273,0,612,2033,4093,181,181,1001,3020,620,6,1,369,53,1428,2,2402,913,72,365,513,1,1408,2073,19,10831,3,0,52,0,11,212,2,97,651,8,3,1635,0,0,0,0,14,3418,14,2,57,16,16,0,1260,2,4,0,2,16,375,278,0,75,379,4,414,0,131,10,2,153,0,0
GSM5016130,6,7,1485,1867,53,15,2,6,4,1,0,262,7,0,1,1015,0,2,1,1,673,0,519,102,99,271,5,3917,311,0,0,5,4,0,13,0,305,91,334,1807,61,0,703,615,3280,17,211,1154,1297,461,9,1,372,47,1260,0,1112,534,37,249,565,3,557,1798,18,7412,5,0,811,0,16,90,1,44,486,7,3,980,0,1,0,0,18,3134,8,2,7,13,15,0,619,3,3,0,1,8,262,136,0,52,386,9,285,0,61,6,12,84,0,0
GSM5016131,47,21,665,1040,96,22,389,493,6,10,7,285,8,0,1,1193,0,16,0,1,1613,4,852,64,207,466,9,4638,559,0,0,1,6,0,20,0,155,428,248,1572,46,1,82,275,3933,117,945,1649,661,175,17,6,484,145,849,4,715,1832,51,560,255,6,530,1394,20,4365,2,0,1322,0,12,173,11,47,300,35,15,1090,0,0,0,1,40,6493,22,28,11,93,21,0,478,27,3,0,3,17,138,636,0,78,68,5,628,0,60,15,161,174,0,4
GSM5016132,15,8,132,670,59,13,20,1,6,10,3,240,7,1,1,356,0,17,2,0,1848,0,571,31,214,388,8,5114,610,0,0,1,2,0,28,0,59,234,300,1868,7,0,71,157,3983,22,1025,2809,301,66,11,0,543,201,1054,3,816,2082,38,461,85,16,88,1430,22,2988,12,0,995,0,7,81,10,41,327,19,24,1313,0,0,0,0,38,6918,7,20,1,75,28,0,425,38,10,0,1,11,81,703,0,96,37,2,659,0,28,10,283,77,1,3
GSM5016133,357,22,63,616,871,229,11786,7459,13,9,26,409,1,0,0,410,0,6,1,3,1812,0,949,34,174,428,61,4911,570,0,0,2,4,0,48,0,28,121,287,1086,30,1,32,1,1706,25,1092,898,317,57,6,4,390,104,654,2,646,1046,13,411,19,7,86,1118,24,802,6,0,1867,0,19,72,5,39,335,34,12,1271,0,0,0,0,20,4509,73,6,4,46,23,2,521,31,11,0,0,6,27,2159,0,39,1,4,426,0,32,6,92,156,0,1
GSM5016134,41,5,237,661,76,20,219,247,16,4,10,202,2,0,1,404,0,7,0,3,1483,1,912,48,196,321,32,5105,391,0,0,5,2,0,28,0,45,267,266,1153,24,0,136,30,2427,29,1136,1639,343,68,11,5,261,161,558,3,713,852,44,423,33,16,72,1069,31,1667,4,0,2138,0,5,42,2,12,344,19,12,1012,0,0,0,0,32,4781,12,21,3,122,16,0,367,39,5,0,0,12,57,1192,0,68,34,1,548,0,25,10,282,110,0,2
GSM5016135,2,2,393,551,20,9,0,1,2,0,2,220,7,0,2,444,0,5,0,1,618,0,331,37,92,256,2,2786,261,0,0,1,0,0,26,0,168,56,495,1756,58,0,356,917,2913,13,129,974,467,207,2,0,261,39,1195,0,1455,529,40,133,257,3,955,1136,8,8141,1,0,83,0,4,44,0,24,155,9,5,725,0,0,0,0,10,3069,13,2,1,6,11,0,469,5,0,0,0,7,203,45,0,42,256,7,266,0,26,7,46,72,0,0
GSM5016136,120,16,49,674,62,17,1410,265,61,5,10,286,4,0,0,283,2,7,1,2,1445,1,541,45,187,359,12,4080,431,0,0,1,1,0,23,0,19,145,391,1167,20,0,68,0,2862,17,1156,1649,249,24,8,2,293,132,571,1,929,1402,23,388,13,14,51,1061,19,1579,6,0,160,0,5,123,2,34,309,25,10,964,0,0,0,0,34,4855,11,4,2,228,21,0,377,22,5,0,0,14,62,807,0,63,2,4,530,0,26,7,106,99,1,1
GSM5016137,6,4,720,1053,50,14,0,3,1,4,6,379,7,1,1,665,1,6,0,2,996,0,639,18,188,549,18,4640,549,0,0,0,3,0,26,0,155,121,410,2400,18,0,338,839,4073,41,309,2020,996,399,5,2,465,113,1353,5,1597,2342,38,321,253,6,598,1544,27,7063,7,0,475,0,8,24,6,41,372,6,7,1273,0,0,0,0,26,4756,5,9,3,33,10,0,906,16,0,0,0,9,212,352,0,100,440,13,512,0,60,9,96,98,0,0
GSM5016138,23,38,122,650,35,9,36,1,6,8,3,189,7,0,1,468,0,11,2,0,1376,0,645,39,155,312,4,3548,461,0,0,1,1,0,23,0,44,149,424,1530,36,0,62,111,3221,28,672,2018,253,63,10,3,313,111,836,1,597,973,43,383,139,9,142,1040,32,2476,19,0,2371,0,5,35,3,14,181,23,11,1154,0,0,0,1,32,5594,5,13,3,38,18,0,349,21,5,0,1,9,68,547,0,66,36,3,657,0,24,6,170,67,0,0
GSM5016139,161,66,276,1100,32,9,1209,149,22,20,2,270,7,0,0,733,0,3,1,0,843,0,712,25,223,486,2,3263,561,0,0,1,3,0,21,0,87,239,413,3260,42,0,368,616,4498,61,363,3375,723,378,3,1,209,173,1613,4,1270,2614,27,281,307,2,498,1252,55,7786,2,0,1047,0,10,17,7,8,227,8,6,1440,0,1,0,0,23,5800,2,5,5,68,8,1,741,17,1,0,0,9,189,182,0,115,68,5,684,0,32,7,167,79,0,0
GSM5016140,75,41,435,1251,131,30,1068,705,11,25,8,320,9,1,3,1124,1,14,1,0,3239,3,1127,58,304,609,30,7884,928,0,0,2,4,0,53,0,90,441,1017,2385,34,0,145,355,4731,94,1394,2670,468,171,25,6,639,251,1272,2,1112,4850,68,667,157,22,269,2031,54,4020,21,0,4277,0,10,111,7,58,361,58,27,2103,0,0,0,0,60,9493,5,42,11,80,44,0,716,34,9,0,1,18,132,1201,0,136,184,6,1159,0,38,19,351,139,1,2
GSM5016141,17,7,917,936,62,14,14,1,1,5,10,283,4,1,3,607,0,5,0,1,1548,2,922,2,151,423,41,5261,545,0,0,3,3,0,42,0,129,193,432,1693,175,1,227,263,3181,33,1178,1956,468,209,23,2,445,134,1009,1,747,855,36,369,151,15,180,1577,49,4201,2,0,3339,0,8,52,3,52,467,27,7,970,0,2,0,0,20,5803,21,14,4,39,32,0,493,48,11,0,1,10,154,723,0,79,220,4,645,0,42,7,159,112,0,0
GSM5016142,5,4,626,740,39,12,2,0,0,5,9,258,8,0,0,592,0,10,0,2,1214,0,1138,51,184,478,8,5510,531,0,0,3,0,0,29,0,133,202,421,2283,33,0,367,704,3313,22,641,2387,780,426,5,5,275,103,1614,5,1172,1100,19,340,238,7,942,1727,7,6300,1,0,2344,0,13,58,2,49,211,10,9,1497,0,0,0,1,35,5220,8,8,6,119,15,0,616,62,4,0,0,5,94,341,0,125,702,5,653,0,29,7,149,113,0,1
GSM5016143,4,7,263,981,65,16,14,2,5,4,6,397,6,1,0,448,1,6,0,3,1064,0,604,26,180,454,11,3073,411,0,0,2,9,0,35,0,101,85,277,1275,20,1,22,58,3120,23,595,1358,633,76,12,5,594,108,642,11,1002,1174,15,291,116,9,205,1063,9,2169,0,0,1341,0,3,23,6,28,853,16,9,1020,0,0,0,0,35,4068,24,5,5,132,10,1,623,36,4,0,2,9,125,1093,0,62,89,4,537,0,67,15,219,103,0,0
GSM5016144,51,19,633,1212,58,13,768,135,10,6,5,239,4,0,0,784,0,8,0,1,1420,1,897,106,200,373,2,4206,604,0,0,4,12,0,32,0,78,178,422,1890,11,0,106,106,3813,56,1001,2091,434,154,13,4,408,123,1057,3,694,1180,59,417,131,9,205,1325,39,2991,14,0,2480,0,19,20,2,30,197,17,7,1347,0,0,0,0,27,5672,39,19,2,70,21,0,427,30,6,0,0,8,69,594,0,74,30,2,622,0,30,7,150,96,0,1
GSM5016145,7,5,2518,3925,28,8,1,0,0,0,5,295,12,1,2,1237,0,4,1,1,778,0,646,58,222,446,2,4434,648,0,0,7,2,0,18,0,214,143,239,2463,12,0,576,628,3598,48,177,1383,889,562,1,1,672,52,1628,1,1359,1663,64,268,327,4,902,1616,19,7538,14,0,151,0,22,15,0,47,286,11,5,1443,0,0,0,0,10,4060,6,7,11,102,16,0,975,8,0,0,0,8,165,138,0,110,614,12,365,0,82,8,25,118,1,0
GSM5016146,9,4,563,578,22,9,3,3,1,1,2,172,1,0,3,624,0,7,2,0,876,0,331,15,112,269,0,4099,477,0,0,4,5,0,34,0,310,101,477,2347,49,0,413,639,3212,17,326,1205,925,386,13,1,277,50,1520,2,1223,563,39,252,402,10,1488,1773,8,10633,1,0,38,0,3,46,3,76,91,6,12,1138,0,3,0,0,17,4593,5,5,1,57,37,0,392,7,8,0,1,8,133,131,0,64,209,0,564,2,29,8,10,58,0,0
GSM5016147,5,1,745,743,36,10,4,3,0,1,1,247,3,0,0,1240,0,8,1,0,730,0,462,24,130,371,2,3637,485,0,0,3,2,0,38,0,416,204,411,2670,137,0,791,982,4163,2,182,1314,1987,1216,8,1,311,57,1454,0,1323,889,53,265,539,9,1433,1874,2,13180,3,0,5,0,115,44,0,42,234,2,4,1108,0,1,0,0,24,4103,4,4,3,4,15,0,711,0,1,0,1,9,323,21,0,66,143,8,441,0,25,14,1,115,0,0
GSM5016148,7,1,952,1334,83,27,3,2,0,0,4,231,5,0,0,863,0,4,1,0,807,0,505,45,105,329,3,2395,400,0,0,2,0,0,25,0,113,45,251,1705,67,0,141,967,3534,4,133,855,1095,409,1,1,318,51,905,2,808,1194,47,234,290,7,595,1123,5,8785,4,0,4,0,8,264,1,37,287,7,10,1001,0,0,0,0,19,3729,9,1,4,23,8,0,571,5,3,0,0,11,199,143,0,49,59,1,274,0,41,3,53,164,0,0
GSM5016149,20,9,490,996,23,7,96,14,0,3,3,212,6,0,1,580,0,3,0,2,608,0,307,26,124,340,1,3064,366,0,0,4,1,0,22,0,209,113,252,1696,18,0,395,724,3041,31,130,1289,1505,209,4,4,231,43,1025,4,1089,1109,28,197,209,5,778,1228,23,5737,3,0,67,1,8,19,2,34,175,10,7,926,0,0,0,0,26,3449,6,6,7,56,7,0,552,11,1,0,0,6,145,222,0,60,312,4,405,0,33,6,11,76,0,0
GSM5016150,10,9,1811,1532,47,15,62,11,2,0,16,201,3,2,0,631,0,14,0,3,1497,2,727,31,183,336,9,4686,536,0,0,22,2,0,45,0,114,155,213,1714,13,0,293,268,3114,29,1079,2287,328,125,16,2,354,119,1031,1,759,789,64,345,173,15,454,1531,8,4090,4,0,3575,0,8,26,5,30,176,17,18,1239,0,1,0,0,36,6204,6,14,8,55,20,0,359,35,4,0,0,16,50,373,0,52,455,1,622,0,30,5,166,114,0,0
GSM5016151,18,7,565,1014,66,16,35,2,1,9,13,186,3,0,1,753,0,4,0,3,997,2,878,52,142,378,6,3960,440,0,0,1,2,0,40,0,195,101,618,1682,31,1,223,305,4228,16,632,1982,1192,168,18,6,547,91,826,1,937,900,42,366,190,6,593,1398,13,6283,2,0,4317,0,40,74,6,46,327,26,8,1238,0,0,0,0,19,5312,15,17,3,22,23,0,385,19,9,0,3,11,151,460,0,41,70,2,584,0,49,9,167,169,0,2
GSM5016152,21,3,1708,1642,33,8,48,6,3,1,1,290,7,0,5,1318,0,7,1,1,770,0,493,61,111,336,3,3222,426,0,0,0,2,0,28,0,349,127,443,2302,41,0,571,1177,4316,34,80,1513,2890,652,7,2,343,60,1370,1,1304,944,59,198,483,5,1014,1885,5,12594,0,0,306,0,4,36,1,48,269,3,5,1165,0,3,0,0,24,4574,11,3,8,19,12,0,600,3,2,0,1,11,369,87,0,68,84,9,370,0,49,6,12,66,0,2
GSM5016153,7,12,1699,1898,54,13,2,0,0,0,8,359,9,0,0,796,0,8,1,3,724,2,493,2,160,410,15,3686,449,0,0,8,1,0,25,0,317,121,227,1969,77,0,600,745,3713,34,303,1140,681,573,4,1,317,73,1234,4,1246,1137,51,373,235,2,627,1481,5,5899,1,0,324,0,261,86,2,29,482,9,2,1536,0,3,0,0,18,3829,19,6,15,56,15,1,1019,11,3,0,2,10,215,338,0,81,515,15,377,0,49,10,55,115,0,1
GSM5016154,5,9,1058,1504,19,4,2,1,0,2,2,228,10,0,0,986,0,7,1,0,668,0,848,50,195,519,4,2691,573,0,0,3,8,0,24,0,295,109,300,2872,3,0,670,761,5291,37,242,1883,2454,662,11,2,231,91,1714,1,1462,1796,68,249,374,2,1266,1999,8,12822,6,0,4800,0,0,23,2,34,206,12,4,1490,0,0,0,1,23,4294,5,6,1,16,10,0,813,14,3,0,1,5,187,160,0,91,110,5,588,0,43,7,77,79,0,0
GSM5016155,36936,8243,1321,2796,38694,10313,705002,946670,676,1035,8,331,8,1,6,861,0,12,1,2,1395,1,844,65,169,374,21,5678,624,0,0,6,3,0,37,0,184,281,342,2283,35,0,425,225,4432,62,554,2335,628,215,13,3,460,123,1161,9,1522,883,86,686,267,19,367,1747,16,5554,3,0,51,0,93,90,3,79,394,33,6,1553,1,0,0,2,41,6965,21,21,6,83,32,1,601,43,1,0,2,13,158,655,0,69,327,6,774,0,46,38,86,227,0,0
GSM5016156,19,12,485,1245,65,19,94,9,17,9,5,354,7,1,1,628,0,2,1,0,865,0,982,75,217,673,7,2708,517,0,0,0,2,0,32,0,150,104,324,2190,52,0,228,427,4954,38,402,2299,928,252,5,6,212,134,1262,13,1163,1461,22,295,265,1,269,1370,14,5072,2,0,4685,0,9,25,7,30,431,16,3,1370,0,0,0,0,23,4035,17,2,8,58,7,0,765,25,3,0,0,7,246,295,0,86,25,2,533,0,52,11,157,104,0,0
GSM5016157,18,4,1142,1310,43,10,1,1,2,0,4,175,3,1,1,638,1,5,0,0,869,0,476,65,135,277,8,3653,385,0,0,4,0,0,20,0,162,101,327,1708,12,0,350,343,2941,27,332,1838,1094,201,5,1,374,69,1112,1,1051,670,56,226,234,7,577,1418,12,6468,2,0,2540,0,31,11,3,28,153,20,2,1049,0,2,0,1,19,4396,7,9,5,17,14,0,289,23,5,0,0,4,126,407,0,52,193,2,440,0,41,2,91,118,0,0
GSM5016158,88825,19268,23,211,142134,37265,5324548,4278599,1818,3586,2,116,2,0,0,132,0,1,0,0,413,0,498,12,129,216,3,1662,162,0,0,0,0,0,8,0,11,59,674,1436,6,1,7,1,1111,8,174,729,146,8,0,0,137,51,420,2,776,1025,84,91,17,3,33,274,17,325,1,0,5,0,2,12,0,7,37,9,4,325,0,0,0,0,9,1732,3,0,2,36,16,0,388,7,3,0,0,0,42,64,0,56,1,2,202,0,4,6,21,12,0,0
GSM5016159,9,5,376,783,60,19,60,5,5,2,8,319,5,0,0,438,0,3,0,0,746,0,1086,41,172,397,11,3014,430,0,0,1,0,0,33,0,124,63,400,1816,54,0,138,165,3366,9,635,2262,889,288,12,9,212,97,1154,2,858,601,46,414,100,4,646,1172,5,4100,0,0,37038,0,10,77,3,30,268,14,6,1479,0,1,0,1,26,4212,15,4,1,78,13,0,534,52,4,0,3,6,147,423,0,64,14,1,434,0,32,6,95,109,0,2
GSM5016160,10,9,314,934,26,6,160,15,3,6,5,280,8,2,3,472,0,2,2,0,657,0,699,64,191,500,2,3056,445,0,0,3,3,0,22,0,106,111,428,2692,8,0,227,460,3783,32,208,2423,1009,360,8,2,394,127,1443,12,821,3044,37,217,153,6,255,1278,4,4318,7,0,1942,0,7,6,2,8,197,8,5,1357,0,0,0,1,14,3908,6,3,5,75,4,0,997,35,0,0,1,3,159,171,0,108,90,1,530,0,15,4,62,54,0,0
GSM5016161,4,9,1882,1659,24,9,3,0,0,1,0,202,9,2,4,783,0,8,0,1,568,0,282,1,107,274,4,5149,422,0,0,33,6,0,24,2,371,139,282,2558,57,0,1218,699,3430,17,119,1161,750,713,3,0,398,44,1971,0,1096,437,65,263,276,5,523,2059,6,10332,1,0,1,2,282,66,0,42,161,16,4,1438,0,8,0,0,8,4319,9,6,8,15,24,0,825,0,1,0,0,9,148,37,0,80,1102,13,396,0,26,8,7,102,0,0
GSM5016162,3,6,1758,2201,32,3,2,1,0,1,3,330,12,0,1,1118,0,2,0,1,905,1,478,124,124,321,9,3343,444,0,0,8,5,0,18,0,152,132,256,1977,4,1,351,298,4111,22,292,1487,671,503,8,3,361,75,1178,5,890,1220,56,249,233,5,479,1620,23,5104,3,0,12,0,4,90,4,22,460,11,4,1185,0,3,0,0,10,3710,10,2,18,94,11,0,935,6,2,0,0,6,223,187,0,73,221,4,464,0,47,6,42,92,0,2
GSM5016163,40,11,478,1106,61,15,118,38,6,6,6,331,2,2,2,728,0,5,0,1,1289,2,562,102,180,414,18,4067,403,0,0,3,3,0,31,0,83,221,254,1010,32,1,153,192,2489,85,701,1096,322,151,14,1,323,100,516,3,768,1344,24,472,54,6,232,1034,24,1867,1,0,433,0,4,62,8,21,420,16,7,1051,0,0,0,0,31,4100,51,8,8,43,19,0,504,24,2,0,0,17,107,1027,0,60,80,4,391,1,46,7,80,95,1,1
GSM5016164,6,4,298,431,60,19,1,4,2,2,5,253,5,0,2,702,1,12,0,0,801,0,423,20,119,271,4,2758,340,0,0,3,1,0,29,0,262,91,438,1844,36,1,503,908,3284,7,402,1460,600,294,14,1,278,72,1132,2,1212,502,22,231,273,5,1004,1475,5,6134,2,0,63,0,5,40,1,51,260,9,4,959,0,1,0,0,23,3958,19,16,1,16,13,0,656,11,4,0,0,14,264,223,0,72,87,8,365,0,39,11,18,99,0,1
GSM5016165,80,38,263,973,76,37,1190,352,12,9,5,280,6,0,2,587,0,5,0,0,1250,3,633,55,186,378,9,3771,443,0,0,1,0,0,27,0,70,154,345,1446,73,1,95,221,2951,44,939,1425,428,123,9,0,362,115,783,4,766,1604,25,297,120,11,204,1059,14,2911,10,0,37,0,10,16,4,30,275,18,11,1087,0,0,0,0,31,3881,23,12,6,60,33,0,461,24,7,0,2,9,106,575,0,63,12,3,533,0,41,9,98,120,0,2
GSM5016166,15,6,1661,1952,35,10,3,0,3,2,7,193,5,0,2,619,0,13,0,3,1183,1,1175,81,140,356,10,3746,366,0,1,5,5,0,28,0,68,131,448,1587,7,0,144,198,2803,22,536,1742,494,99,8,3,522,96,906,0,668,844,67,282,177,9,338,995,7,3027,1,0,3401,0,13,51,9,51,160,16,9,1027,0,0,0,0,31,5159,13,11,5,32,21,0,399,33,5,0,0,7,77,341,0,59,139,6,616,0,36,6,145,96,0,0
GSM5016167,7,11,550,1568,23,7,46,10,5,3,5,608,11,0,2,1119,0,0,0,2,702,0,1007,35,164,734,10,2257,584,0,0,1,0,0,18,0,273,112,988,3846,29,0,521,1266,6880,21,88,2880,1583,987,6,3,390,86,2281,2,1716,1789,32,240,762,2,1367,2132,33,14636,6,0,369,0,2,40,2,10,889,7,6,1477,0,0,0,0,18,4883,6,2,3,25,3,0,1724,8,1,0,0,4,932,71,0,146,74,8,552,0,78,12,150,102,0,1
GSM5016168,122,7,1425,909,52,16,998,496,4,3,3,242,10,0,3,561,0,9,0,1,883,3,393,43,90,216,8,3288,349,0,0,9,2,0,31,0,96,87,213,1144,83,0,313,481,2771,22,356,861,487,272,11,2,304,57,753,1,1370,414,44,206,229,9,341,1310,13,5066,4,0,646,0,98,128,5,41,282,14,9,890,0,2,0,0,28,3126,19,5,4,33,21,0,450,6,4,0,2,8,147,390,0,46,386,3,325,1,40,9,12,80,0,0
GSM5016169,13,4,362,632,16,7,62,275,1,2,3,207,7,0,0,584,0,1,0,2,413,1,359,13,122,391,5,2167,414,0,0,2,1,0,28,0,197,115,426,2097,18,0,467,1740,3847,9,46,1199,2220,680,7,2,144,51,1288,4,1090,1394,23,200,482,4,783,1157,8,14634,3,0,144,1,23,19,1,18,125,3,4,850,0,0,0,0,22,3555,3,6,4,23,2,0,721,3,0,0,1,7,235,34,0,102,53,4,395,1,28,4,18,49,0,1
GSM5016170,36,37,196,859,76,21,1474,321,14,12,2,354,5,0,1,369,0,4,0,0,1099,0,906,84,173,405,3,2854,520,0,0,0,1,0,19,0,62,132,237,1546,19,0,32,62,3798,46,421,1968,481,131,2,5,446,136,805,6,831,1426,27,273,99,8,115,982,7,1836,3,0,3923,0,8,37,13,10,507,22,8,1079,0,2,0,1,18,3921,15,9,9,52,6,0,512,26,1,0,0,4,118,554,0,67,27,2,523,0,35,10,191,103,0,0
GSM5016171,9,3,900,1380,33,6,2,1,0,1,2,383,8,2,11,875,0,3,1,1,994,0,736,103,181,479,10,3253,443,0,0,6,2,0,36,0,278,134,503,2525,31,0,269,1080,4085,61,297,1633,1394,276,9,1,280,86,1616,6,1067,1190,41,224,349,5,1104,1656,20,8509,0,0,649,0,9,87,3,27,241,11,10,1237,0,3,0,0,25,4072,31,11,12,54,12,0,932,18,2,0,0,14,306,221,0,95,254,3,477,0,48,8,9,95,0,1
GSM5016172,31,17,113,347,54,17,4,2,3,2,3,137,6,0,2,374,0,11,1,1,2201,1,571,33,163,241,6,6080,480,0,0,1,2,0,34,0,31,252,213,1159,60,0,297,84,1785,12,1193,1580,157,50,24,1,244,138,616,1,549,1286,57,485,32,15,78,1040,35,1381,17,0,469,0,5,124,8,58,173,55,15,910,0,0,0,1,63,6540,2,21,1,44,25,0,231,15,9,0,2,13,28,648,0,56,27,3,636,0,10,16,75,60,0,0
GSM5016173,6,20,439,1886,42,14,10,2,7,4,3,222,5,0,2,528,0,14,0,0,1124,1,907,67,177,408,8,3686,712,0,0,6,16,0,29,0,61,511,217,1743,30,0,137,107,3801,57,537,2069,412,94,9,2,528,120,1020,6,704,876,32,514,90,5,175,1354,5,3393,1,0,28,0,66,58,4,22,240,21,7,2113,0,0,0,0,24,6239,16,6,8,307,32,0,380,36,4,0,0,13,109,695,0,73,71,2,688,0,30,13,158,103,0,0
GSM5016174,10,7,465,1184,62,9,17,0,2,7,13,263,6,0,0,710,0,7,4,2,1211,1,762,56,173,484,9,4027,553,0,0,4,4,0,36,0,86,168,351,1619,49,0,316,262,4194,34,447,1888,578,219,14,3,397,113,1047,6,896,1637,29,534,150,12,420,1659,7,4221,7,0,7806,0,8,128,9,27,372,20,12,1677,0,0,0,0,39,5506,19,7,4,194,23,0,621,33,6,0,2,14,168,486,0,100,183,1,555,0,35,16,233,77,0,0
GSM5016175,16,9,161,736,58,15,10,0,4,38,4,151,5,0,0,640,0,1,1,0,507,1,299,37,133,733,2,2592,422,0,0,1,4,0,22,0,59,157,110,2143,18,0,148,130,2696,136,158,2005,336,90,4,3,216,95,1087,5,756,1203,17,284,71,4,215,925,21,3035,0,0,3389,0,32,27,57,20,122,7,3,1194,0,0,0,0,17,3723,4,6,5,137,8,0,383,40,2,0,0,2,53,191,0,82,74,6,729,0,21,6,63,33,0,2
GSM5016176,9,8,588,1692,65,17,0,0,4,3,13,402,5,0,0,677,1,4,0,1,1370,2,1179,66,212,645,22,3459,613,0,0,2,5,0,34,0,124,167,230,2077,43,0,165,197,4002,61,647,1915,541,192,11,4,338,155,1207,18,890,1998,22,501,133,2,320,1276,7,2879,7,0,4149,0,40,32,11,14,526,19,3,1929,0,0,0,0,30,3927,10,4,5,135,15,0,743,41,8,0,0,10,153,824,0,103,106,2,543,0,68,6,569,126,0,0
GSM5016177,39,15,844,1562,110,26,24,9,11,7,13,385,3,0,4,654,0,7,1,2,2586,1,860,60,193,406,20,6154,655,0,0,7,4,0,33,0,79,254,372,1376,55,1,94,134,3525,42,854,1542,490,89,27,7,567,148,767,8,797,951,39,554,76,16,189,1807,25,2401,9,0,600,0,13,67,9,27,616,47,17,1237,0,0,0,0,43,6828,34,28,2,90,30,1,562,24,11,0,3,17,101,1580,0,60,76,3,690,0,42,38,217,154,0,1
GSM5016178,20,16,84,575,14,5,19,1,6,3,8,111,6,0,0,493,0,10,1,0,1460,0,564,20,166,290,4,4801,782,0,0,3,8,0,43,0,32,271,238,1597,8,0,21,5,2956,77,1239,1724,160,52,12,4,407,62,785,4,433,2107,28,478,98,16,99,1140,21,1888,17,0,124,0,6,65,3,26,72,46,16,1243,0,0,0,0,44,6619,3,21,8,97,38,0,253,22,6,0,1,10,20,414,0,63,4,1,727,0,8,10,137,73,0,0
GSM5016179,36,7,183,688,28,6,68,14,1,2,10,284,7,0,0,447,0,5,0,0,706,1,856,20,260,639,18,3812,681,0,0,0,3,0,18,0,64,114,240,2471,13,0,132,316,3605,60,393,2135,405,231,7,4,186,169,1263,9,1000,4096,34,363,121,0,260,1002,51,3208,0,0,3765,0,8,24,8,21,247,8,4,1572,2,0,0,0,38,4473,3,6,8,52,1,0,856,23,2,0,0,12,84,343,0,98,59,4,542,0,43,2,62,85,0,0
GSM5016180,13,5,775,1886,61,23,5,6,0,4,29,346,10,1,2,1037,0,15,0,1,1871,0,826,95,230,607,8,4470,771,0,0,4,6,0,49,0,129,316,522,2757,106,0,200,927,6043,81,700,2491,1190,280,12,4,327,135,1405,3,1159,3202,38,518,567,11,664,1693,25,9816,4,0,2253,0,4,80,10,35,409,25,10,1666,0,0,0,0,49,7375,17,12,3,115,22,0,881,31,2,0,0,14,237,590,0,104,98,4,767,0,39,31,174,142,0,0
GSM5016181,19,8,212,384,14,3,8,0,0,0,6,443,5,0,0,830,0,0,0,3,564,0,553,9,143,452,6,2479,495,0,0,1,0,0,13,0,223,63,371,2129,63,0,307,1000,4317,23,103,1399,3194,969,2,8,167,74,1128,6,1284,2082,16,291,200,1,1288,1015,5,8864,6,0,11,0,8,23,3,20,437,10,1,872,1,14,0,0,32,4103,5,5,4,39,3,0,740,1,2,0,4,3,259,244,0,108,127,8,421,0,46,7,4,71,0,0
GSM5016182,6,8,905,1042,33,10,8,3,4,0,3,205,8,0,1,953,0,2,0,1,652,0,520,72,110,324,2,2727,372,0,0,0,4,0,34,0,219,91,288,1980,36,0,295,794,4018,36,244,1145,712,455,3,3,422,60,1358,6,1053,936,49,219,361,9,708,1361,7,8945,1,0,308,0,10,37,4,41,245,11,9,1040,0,0,0,0,18,3970,4,3,4,40,12,0,495,9,2,0,0,19,249,111,0,71,66,1,395,0,38,7,21,109,0,0
GSM5016183,10,4,773,593,37,9,0,0,1,0,1,138,6,0,0,856,0,3,1,0,823,0,267,25,74,262,1,2951,433,0,0,1,0,0,30,0,283,54,416,2213,79,1,324,1385,4182,5,159,1073,1218,385,7,0,233,33,1267,0,1403,626,26,217,869,7,1371,1356,6,13908,2,0,1,0,4,95,3,90,144,7,3,998,0,0,0,0,40,4103,10,8,9,3,11,0,424,0,7,0,0,13,178,27,0,56,492,3,491,0,32,5,0,123,0,1
GSM5016184,5,8,1309,1574,38,11,28,0,1,2,3,165,5,2,1,686,0,10,1,1,719,0,532,58,98,259,2,4028,306,0,0,2,2,0,30,0,165,87,221,1310,54,0,545,271,2517,13,337,1228,1042,212,9,2,506,46,918,4,774,374,65,246,349,10,624,1373,16,4998,10,0,1388,0,19,77,2,59,163,10,6,877,0,0,0,1,41,4701,17,7,3,15,43,0,301,12,6,0,0,12,114,161,0,42,337,2,358,1,31,8,28,117,0,1
GSM5016185,8,9,832,918,47,13,4,0,1,0,7,196,8,0,4,1171,0,7,1,0,1026,0,672,34,167,308,4,4650,525,0,0,0,2,0,18,0,281,89,571,2257,61,0,515,594,3835,37,440,1819,1623,356,15,1,258,80,1388,1,987,732,44,296,594,7,1185,1771,19,11732,4,0,835,0,111,43,3,79,161,23,7,1495,1,2,1,0,34,6146,10,6,3,34,22,0,349,13,6,0,0,17,142,359,0,73,113,0,499,0,25,7,21,126,0,1
GSM5016186,17,20,290,1014,23,6,156,1,7,0,9,266,12,5,0,918,0,0,0,0,580,0,815,68,169,669,4,4363,635,0,0,0,0,0,12,0,66,154,372,3003,8,0,231,972,4321,125,160,1730,845,389,0,1,336,103,1523,7,1196,4551,18,215,259,0,585,1295,3,6614,6,0,298,0,7,49,0,48,243,5,3,1390,0,4,0,0,17,4643,6,6,22,96,0,0,826,23,2,0,0,16,125,111,0,154,101,0,653,0,57,4,57,72,0,0
GSM5016187,1,9,920,1240,9,3,0,1,0,0,0,276,7,0,0,857,0,0,1,0,307,0,346,65,102,286,1,3020,269,0,0,1,0,0,12,0,261,28,360,2153,26,0,701,789,3526,25,42,1539,1368,594,2,0,173,33,1549,0,1226,619,41,162,330,5,653,2260,6,10005,2,0,204,0,2,7,1,25,281,2,2,775,0,0,0,0,9,2904,6,1,7,5,3,0,747,2,0,0,0,4,291,27,0,76,144,4,285,0,28,6,1,61,0,1
GSM5016188,2,8,2290,1655,45,13,0,1,0,0,0,237,6,0,2,1261,0,2,0,0,781,1,227,134,61,214,3,3225,269,0,0,8,9,0,27,0,293,78,225,1375,39,1,770,548,2730,22,150,841,1371,473,8,0,245,35,1064,0,1002,303,66,196,279,11,835,1688,7,6991,2,0,3,0,12,97,2,50,339,9,9,843,0,0,0,0,14,3071,10,11,3,6,25,0,461,2,3,0,1,14,248,100,0,63,982,7,304,0,42,5,0,67,0,0
GSM5016189,15,6,273,847,45,9,39,1,4,2,10,216,7,0,0,656,0,9,1,0,1472,2,693,52,200,441,4,4870,692,0,0,4,4,0,35,0,138,319,293,2568,14,0,281,447,4257,70,1010,2481,443,141,9,3,477,121,1626,2,1078,1086,47,364,127,14,512,1653,12,6381,3,0,338,0,4,46,2,52,125,24,10,1230,0,0,0,1,25,7372,15,7,4,214,24,2,446,29,7,0,2,11,78,418,0,63,88,6,839,0,37,8,100,92,0,0
GSM5016190,9,12,589,555,21,5,0,1,1,2,3,94,4,0,1,488,0,4,0,1,934,0,334,36,105,188,3,3701,394,0,0,2,1,0,34,0,174,136,320,1388,25,0,618,378,2712,20,366,1214,572,193,6,1,267,67,856,0,890,683,33,292,259,5,675,1255,9,7705,8,0,1192,0,6,73,1,31,83,8,11,756,0,0,0,0,39,4596,6,13,0,17,20,0,281,6,1,0,0,5,78,139,0,55,350,1,409,2,18,9,25,57,0,0
GSM5016191,32,10,784,643,83,20,1327,1061,0,0,0,191,7,0,1,959,0,3,2,0,782,0,420,24,111,235,2,3253,424,0,0,10,1,0,27,0,325,109,400,2203,64,0,784,729,3319,14,157,1267,1638,567,14,0,293,63,1571,0,994,384,31,266,646,7,947,1765,4,13084,1,0,3,0,112,34,0,75,138,9,4,1005,0,6,0,0,32,4322,14,4,3,5,36,0,355,1,1,0,0,3,192,81,0,49,256,5,389,1,44,6,0,120,0,0
GSM5016192,10,5,1917,1854,65,11,0,0,4,1,5,318,9,1,1,1260,1,11,0,1,900,1,807,6,192,427,9,5683,553,0,0,10,6,0,25,0,442,146,508,2529,65,1,822,746,5176,35,318,1855,1193,589,16,2,705,88,1773,7,1294,966,60,353,661,12,906,2381,18,11706,1,0,81,0,234,40,3,75,416,23,8,1468,0,2,0,0,44,6438,41,5,3,115,16,0,831,15,2,0,1,17,269,342,0,105,805,11,631,0,57,14,53,177,0,0
GSM5016193,3,7,1536,1203,37,8,5,2,1,1,3,286,4,0,3,684,0,5,1,0,1169,0,477,36,115,254,2,3775,416,0,0,11,0,0,22,0,233,170,288,1458,45,0,481,538,3188,31,384,1182,917,300,4,3,346,62,984,5,1114,511,45,337,253,9,728,1569,3,6626,0,0,176,0,10,116,3,53,283,9,6,869,0,0,0,2,29,4945,10,12,5,68,34,1,482,5,2,0,1,10,161,249,0,61,333,1,441,0,37,9,86,87,0,0
GSM5016194,6,7,1852,2074,28,8,10,13,0,1,2,312,12,0,3,974,0,4,1,1,653,0,373,41,102,292,1,3309,305,0,0,52,0,0,34,0,255,118,365,2232,22,0,651,1053,3762,33,73,1045,747,704,7,0,216,49,1875,0,1079,488,76,152,420,5,1001,1868,19,8378,2,0,9,0,7,30,1,53,445,8,5,981,0,2,0,0,10,3089,5,5,10,11,13,1,867,1,0,0,0,8,338,50,0,79,474,4,318,0,60,7,0,79,0,0
GSM5016195,10,10,969,845,55,14,89,13,0,3,7,185,9,0,0,597,0,3,1,0,1101,0,687,44,172,354,4,3922,535,0,0,32,0,0,32,0,228,114,596,2333,30,0,263,430,3846,23,503,2014,638,239,7,2,398,126,1408,1,1066,1157,47,279,596,6,864,1505,12,6955,1,0,1729,0,14,21,5,54,197,15,11,1233,0,0,0,0,13,5185,8,6,8,31,10,0,564,20,6,0,1,7,139,309,0,69,608,5,477,0,56,9,40,136,0,2
GSM5016196,4,3,435,1102,4,0,0,0,0,0,0,324,9,0,11,401,0,5,0,0,421,0,425,32,158,391,2,2507,342,0,0,0,1,0,23,0,216,76,404,2213,10,0,385,1526,2788,1,39,1022,1601,406,0,0,161,30,1387,0,1518,886,21,157,573,1,1031,1164,13,7621,2,0,4,0,5,11,1,19,208,5,3,777,0,1,0,0,13,2273,15,1,5,4,0,0,1074,0,2,0,0,6,318,7,0,71,508,19,287,0,44,4,0,80,0,0
GSM5016197,3,4,837,2103,26,5,3,2,0,0,28,580,12,0,0,576,0,1,3,2,542,0,452,54,189,817,26,2328,557,0,0,0,2,0,13,0,166,64,170,1960,35,0,180,787,3141,40,179,1127,1011,427,2,3,296,83,1097,22,1456,3640,17,240,220,3,1326,1035,32,3651,0,0,3640,0,10,47,1,35,662,12,3,1089,0,1,0,0,39,3104,14,2,24,90,1,0,1790,15,0,0,1,13,191,347,0,145,36,16,291,0,45,6,64,90,0,5
GSM5016198,26,0,1073,1797,19,8,9,11,0,0,34,363,17,1,0,547,0,0,0,0,544,0,288,9,228,542,12,2343,419,0,0,0,5,0,18,0,134,64,84,1483,5,0,156,1078,2844,40,217,1142,528,379,36,6,187,97,730,9,1414,5257,29,317,117,3,370,824,20,2716,6,0,333,0,0,53,11,25,261,4,0,1459,0,0,0,0,40,2553,12,24,17,61,0,0,1475,19,5,0,3,22,102,323,0,102,216,17,235,0,51,4,35,82,0,3
GSM5016199,12,19,68,868,33,14,61,13,14,4,12,663,9,2,2,521,0,0,0,0,571,0,649,23,245,847,22,2446,634,0,0,0,1,0,10,0,18,106,270,2076,5,1,24,182,4333,67,196,1881,523,191,6,8,181,170,894,33,986,4185,4,291,69,0,224,786,1,2036,11,0,529,0,12,47,9,7,875,2,2,1237,0,0,0,0,18,3245,14,5,10,90,0,0,1563,48,3,0,0,10,193,431,0,115,6,5,392,0,42,5,90,97,0,3
GSM5016200,4,7,1709,1299,37,6,0,0,0,0,2,182,8,0,1,687,0,5,0,0,708,0,312,20,84,221,7,3039,389,0,0,3,0,0,24,0,128,50,318,1722,88,0,724,511,3002,8,93,1067,891,261,6,0,263,47,1161,3,1531,345,30,180,450,7,734,1524,12,9073,1,0,1033,0,4,61,0,64,366,5,6,874,0,1,0,0,17,3442,12,5,3,22,19,0,561,5,2,0,0,15,184,86,0,67,608,11,334,0,40,5,8,119,0,2
GSM5016201,7,9,3964,2593,64,12,15,9,0,0,1,342,13,0,4,1352,0,3,3,3,1224,0,400,82,178,188,2,5546,432,0,0,15,5,0,46,0,579,364,413,3475,7,0,662,1163,4620,40,177,1572,744,552,23,0,609,45,2341,0,1583,684,134,199,519,5,1192,2718,15,11612,2,0,8,0,274,170,1,86,145,6,9,1525,0,2,0,0,20,5372,10,10,9,20,5,0,773,0,3,0,0,8,186,64,0,123,693,5,453,0,50,12,4,104,0,0
GSM5016202,10,10,5051,5749,47,9,2,0,0,0,3,470,12,0,2,1854,1,2,0,0,972,0,742,43,177,574,3,4778,550,0,0,8,4,0,45,0,311,110,731,3816,21,0,1080,1610,5884,36,96,3826,1263,693,5,0,330,53,2728,0,2319,1202,227,326,767,9,1576,3196,14,17376,2,0,177,0,117,14,0,65,416,12,6,1850,0,0,0,0,19,6935,9,2,11,37,7,1,1285,6,2,0,1,15,342,91,0,100,931,14,593,0,52,19,23,120,0,0
GSM5016203,32,20,391,1368,37,8,274,77,3,5,2,458,8,0,1,749,0,3,4,0,604,0,969,43,236,659,4,3323,703,0,0,0,0,0,15,0,174,111,308,2291,31,0,234,357,4851,50,173,1850,1237,330,1,6,241,125,1435,19,1377,4408,21,327,205,4,392,1038,6,4902,3,0,1471,0,4,21,8,28,620,3,1,1071,0,3,0,0,19,3984,6,3,4,88,0,0,977,26,6,0,1,3,302,213,0,111,8,4,363,0,47,22,32,117,0,0
GSM5016204,9,12,412,946,9,1,17,0,9,2,24,395,14,0,0,444,1,1,0,0,257,0,353,44,130,581,31,1446,329,0,0,0,0,0,22,0,40,77,109,946,22,0,42,258,2062,32,130,770,528,295,3,1,166,67,509,60,901,6353,30,191,55,0,164,416,38,1189,9,0,102,0,1,34,4,6,379,0,1,628,0,0,0,0,46,2817,10,11,3,255,7,0,1734,11,0,0,0,7,46,367,0,175,59,16,122,0,18,3,62,42,0,1
GSM5016205,17,0,935,1488,33,3,62,0,0,0,53,793,18,0,0,461,0,0,0,0,368,0,430,85,196,823,58,1417,321,0,0,0,0,0,4,0,47,36,171,1590,46,0,142,1154,2509,27,146,1087,1207,618,20,16,269,53,756,28,1364,4580,6,273,92,11,448,698,0,2294,12,0,347,0,35,164,8,9,907,1,3,753,0,0,0,0,64,3856,55,0,18,167,1,0,2968,40,0,0,0,13,121,398,0,173,25,40,172,0,56,7,86,139,0,0
GSM5016206,13,3,1206,1748,34,6,8,0,0,0,2,458,10,0,1,922,0,10,0,0,389,0,599,6,182,410,11,3873,418,0,0,6,0,0,31,0,445,33,448,2262,65,0,1012,1552,3746,0,57,1072,2860,770,0,5,267,25,1708,8,2086,1308,30,145,483,3,1210,2303,23,11489,1,0,230,0,8,45,0,45,503,4,0,1028,0,0,0,0,9,3532,18,1,14,15,0,2,1530,2,0,0,0,11,274,52,0,100,254,13,383,0,47,3,0,84,0,5
GSM5016207,4,13,2028,2414,27,13,3,1,0,0,2,395,13,0,4,979,0,4,3,5,627,0,625,52,153,507,10,3273,624,0,0,10,12,0,30,0,264,132,289,2869,23,0,636,808,4759,56,133,1868,872,319,3,4,386,69,1908,13,1612,2287,58,262,347,1,903,1600,15,7398,7,0,1351,0,5,12,2,32,423,2,2,1173,0,0,0,1,22,4264,5,4,1,96,1,0,1147,23,0,0,0,17,253,167,0,109,635,4,543,0,76,17,15,48,0,0
GSM5016208,16,3,520,953,21,6,7,0,0,2,4,609,13,0,2,581,0,1,0,2,363,0,378,45,127,656,10,1736,322,0,0,0,0,0,20,0,181,26,177,1745,139,1,241,1697,3136,23,66,685,1161,1122,3,2,173,33,1103,8,1557,3398,12,105,189,1,731,838,10,5942,3,0,6,0,3,22,0,20,780,0,2,896,0,11,0,0,22,2225,16,2,12,7,2,0,2413,10,2,0,0,12,319,97,0,96,36,15,128,0,43,8,17,49,0,0
GSM5016209,8,4,854,694,14,3,0,3,0,0,1,253,7,0,0,1014,0,0,1,0,548,0,506,41,136,378,2,3216,489,0,0,1,2,0,26,0,318,61,508,2425,11,0,537,2135,3952,19,36,1118,3622,742,5,2,239,22,1399,0,1409,1241,27,244,887,2,2571,1545,23,14882,1,0,8,0,0,35,1,42,94,1,4,1047,0,0,0,0,23,3593,0,5,4,3,4,0,770,3,3,0,1,4,200,10,0,84,58,6,471,0,65,2,0,60,0,0
GSM5016210,2,5,315,468,10,1,0,0,0,0,2,159,8,0,0,563,0,0,0,0,530,0,268,4,98,361,0,3424,334,0,0,0,0,0,27,0,125,69,321,2372,28,0,773,1474,2244,19,19,876,845,609,0,0,149,49,1483,0,1545,1213,2,127,395,0,1070,1058,3,9429,0,0,0,0,4,32,0,21,53,3,3,783,0,3,0,0,11,2469,4,3,0,2,8,0,748,9,0,0,0,2,118,4,0,85,293,2,228,3,11,4,12,27,0,0
GSM5016211,0,0,334,768,0,0,0,0,0,0,36,697,0,0,0,262,0,0,1,0,268,0,212,85,81,249,1,528,80,0,0,0,9,0,9,0,0,31,56,438,123,0,0,1189,962,72,63,226,496,157,0,0,119,0,149,95,549,2227,0,199,33,0,51,251,35,746,0,0,67,0,0,0,0,2,1684,0,7,249,0,0,0,0,86,6287,53,31,0,24,2,0,2588,1,0,0,0,0,17,433,0,184,28,0,153,0,91,0,0,32,0,0
