Malignant,Stroma,Immune,Sample_ID,Sample,condition
6.6445351222998355,53.45459575350991,39.90086912419025,GSM5016025,GSM5016025,risk category: High
4.777545677098593,69.24014858644384,25.982305736457562,GSM5016026,GSM5016026,risk category: High
8.568483207066084,39.1934755822323,52.238041210701624,GSM5016027,GSM5016027,risk category: High
9.538111419879707,49.19380433015705,41.26808424996324,GSM5016028,GSM5016028,risk category: High
13.829163803904136,44.19734874509962,41.973487450996245,GSM5016029,GSM5016029,risk category: Average
13.307513396653652,37.62128710335146,49.07119949999489,GSM5016030,GSM5016030,risk category: High
7.773589752456417,56.270593640239284,35.955816607304286,GSM5016031,GSM5016031,risk category: High
3.6776345379884,61.22011483846095,35.10225062355066,GSM5016032,GSM5016032,risk category: High
1.1890364274878955,68.952060345365,29.85890322714711,GSM5016033,GSM5016033,risk category: High
0.9750115657855506,82.37025723574556,16.65473119846889,GSM5016034,GSM5016034,risk category: Average
0.841313836697667,61.16738577053843,37.9913003927639,GSM5016035,GSM5016035,risk category: High
22.695520121488226,27.545558086560362,49.758921791951416,GSM5016036,GSM5016036,risk category: Average
1.3309427247518313,70.36744316282935,28.30161411241882,GSM5016037,GSM5016037,risk category: Average
6.115217171205832,60.28146198238332,33.60332084641086,GSM5016038,GSM5016038,risk category: Average
1.1358364893963213,70.3325463370052,28.531617173598466,GSM5016039,GSM5016039,risk category: Average
1.8470257166810697,77.61299113748275,20.53998314583618,GSM5016040,GSM5016040,risk category: Average
2.8486054165959067,55.051877370468304,42.09951721293579,GSM5016041,GSM5016041,risk category: Average
7.435706392107247,65.71074252053944,26.8535510873533,GSM5016042,GSM5016042,risk category: High
0.9046834291809979,63.352457278838074,35.74285929198094,GSM5016043,GSM5016043,risk category: Average
5.027944283709218,61.55849551827397,33.4135601980168,GSM5016044,GSM5016044,risk category: High
7.043488426467148,70.33551554828149,22.62099602525135,GSM5016045,GSM5016045,risk category: Average
5.3764979037600265,55.0656381702741,39.55786392596586,GSM5016046,GSM5016046,risk category: High
1.117244752439335,77.9749458001654,20.907809447395262,GSM5016047,GSM5016047,risk category: Average
1.5623393976770479,73.6258151460125,24.811845456310465,GSM5016048,GSM5016048,risk category: Average
4.501232104639363,71.80441511268002,23.694352782680628,GSM5016049,GSM5016049,risk category: Average
6.5075346411570285,62.909705588065854,30.58275977077712,GSM5016050,GSM5016050,risk category: Average
2.9760948863245305,64.28227305054027,32.7416320631352,GSM5016051,GSM5016051,risk category: Average
5.978773101667829,57.460733750534175,36.560493147798,GSM5016052,GSM5016052,risk category: Average
3.2034862446359074,67.92355543727754,28.87295831808656,GSM5016053,GSM5016053,risk category: High
0.6214492845234219,52.85993094130009,46.51861977417647,GSM5016054,GSM5016054,risk category: Average
12.303364649333624,55.44297574830674,32.25365960235963,GSM5016055,GSM5016055,risk category: Average
0.7277145639415022,67.37500767631397,31.897277759744536,GSM5016056,GSM5016056,risk category: Average
3.4229396379709196,70.54439506800962,26.032665294019452,GSM5016057,GSM5016057,risk category: High
2.488013691534371,58.63449321846368,38.877493090001956,GSM5016058,GSM5016058,risk category: High
8.71815286624204,53.69591042361742,37.58593671014054,GSM5016059,GSM5016059,risk category: High
1.2568416068633372,67.70019539876542,31.042962994371248,GSM5016060,GSM5016060,risk category: Average
11.712163789642716,45.97383915428876,42.31399705606852,GSM5016061,GSM5016061,risk category: High
2.4557476930182167,71.50710967822155,26.037142628760236,GSM5016062,GSM5016062,risk category: High
5.143953809660348,52.30560696504444,42.55043922529521,GSM5016063,GSM5016063,risk category: Average
4.166282465037651,62.09966190256645,33.73405563239588,GSM5016064,GSM5016064,risk category: High
7.735176208444626,57.742949071260654,34.52187472029472,GSM5016065,GSM5016065,risk category: Average
1.5557716349492983,67.77460411168217,30.66962425336853,GSM5016066,GSM5016066,risk category: Average
6.606747463320758,67.03317169403957,26.360080842639665,GSM5016067,GSM5016067,risk category: Average
7.802843876312536,61.706771187101225,30.49038493658624,GSM5016068,GSM5016068,risk category: Average
1.6043863038398558,63.693400305422166,34.70221339073798,GSM5016069,GSM5016069,risk category: Average
3.0734472712427388,67.08558332869416,29.840969400063095,GSM5016070,GSM5016070,risk category: High
2.2178459633311545,70.17431460906059,27.607839427608265,GSM5016071,GSM5016071,risk category: Average
5.064112502655801,60.098652288009546,34.83723520933465,GSM5016072,GSM5016072,risk category: Average
9.182719073599822,49.43658835319007,41.38069257321011,GSM5016073,GSM5016073,risk category: High
0.9617132814157145,69.97818247931882,29.06010423926549,GSM5016074,GSM5016074,risk category: High
3.4524537805779105,67.4426180015413,29.104928217880783,GSM5016075,GSM5016075,risk category: High
3.4573196887064137,67.5552015033601,28.987478807933492,GSM5016076,GSM5016076,risk category: Average
4.190388923963996,56.87139975751616,38.93821131851985,GSM5016077,GSM5016077,risk category: Average
1.2692555351924315,68.18482011656512,30.545924348242444,GSM5016078,GSM5016078,risk category: Average
4.218977909195468,68.58108554733461,27.19993654346993,GSM5016079,GSM5016079,risk category: High
2.1340763677214905,70.84771150508755,27.018212127190957,GSM5016080,GSM5016080,risk category: Average
5.178468215972169,52.688201358823086,42.13333042520475,GSM5016081,GSM5016081,risk category: Average
3.5286863177641523,63.548922200413394,32.92239148182245,GSM5016082,GSM5016082,risk category: Average
4.999341442490131,56.897232990527435,38.10342556698242,GSM5016083,GSM5016083,risk category: Average
5.085810177797454,62.49832703612572,32.41586278607683,GSM5016084,GSM5016084,risk category: Average
3.4404863028243797,66.78673816096835,29.772775536207263,GSM5016085,GSM5016085,risk category: High
2.833056108777234,64.01835678958182,33.14858710164095,GSM5016086,GSM5016086,risk category: Average
4.918783618256376,61.45603664057091,33.62517974117271,GSM5016087,GSM5016087,risk category: High
18.92532683359184,22.68335918457788,58.39131398183027,GSM5016088,GSM5016088,risk category: Average
4.4649246827599445,66.50782845473111,29.027246862508953,GSM5016089,GSM5016089,risk category: Average
3.4221392003703675,70.10513509294199,26.472725706687633,GSM5016090,GSM5016090,risk category: Average
2.932513691479494,73.93923840963039,23.128247898890105,GSM5016091,GSM5016091,risk category: Average
4.030963936045113,60.69574651931835,35.27328954463654,GSM5016092,GSM5016092,risk category: High
2.7849463203935723,63.808562228580776,33.406491451025644,GSM5016093,GSM5016093,risk category: Average
1.634416895401856,66.98897534196855,31.376607762629593,GSM5016094,GSM5016094,risk category: Average
1.3458959826935792,70.6691934993653,27.98491051794111,GSM5016095,GSM5016095,risk category: High
5.808596695687941,64.40392129978748,29.787482004524584,GSM5016096,GSM5016096,risk category: Average
1.0007457787013254,60.680570871286236,38.318683350012435,GSM5016097,GSM5016097,risk category: Average
1.832380056935412,69.71245005092845,28.455169892136123,GSM5016098,GSM5016098,risk category: Average
1.6271483305966061,62.4048166392994,35.968035030104,GSM5016099,GSM5016099,risk category: Average
3.3885692846423234,68.40482741370685,28.206603301650834,GSM5016100,GSM5016100,risk category: High
1.4973749190899721,70.6983434420924,27.804281638817642,GSM5016101,GSM5016101,risk category: Average
2.200809977335496,66.12430798954708,31.67488203311743,GSM5016102,GSM5016102,risk category: Average
3.9258011839150835,68.97172892427025,27.102469891814668,GSM5016103,GSM5016103,risk category: Average
10.082566394951353,46.74204575335261,43.17538785169604,GSM5016104,GSM5016104,risk category: High
3.81689268836988,69.07274552532992,27.110361786300185,GSM5016105,GSM5016105,risk category: High
11.38799722175292,34.921439432336534,53.69056334591055,GSM5016106,GSM5016106,risk category: Average
8.056749864201736,59.9270832374306,32.01616689836766,GSM5016107,GSM5016107,risk category: High
2.7352933825428427,59.937682765285636,37.32702385217153,GSM5016108,GSM5016108,risk category: Average
0.961005131660579,72.29725010374253,26.741744764596888,GSM5016109,GSM5016109,risk category: Average
8.65441236422275,61.34459110551443,30.000996530262817,GSM5016110,GSM5016110,risk category: High
1.6963132824612097,69.10446923272917,29.199217484809626,GSM5016111,GSM5016111,risk category: Average
4.026739006349338,65.67650745267419,30.29675354097648,GSM5016112,GSM5016112,risk category: High
2.2367627268086663,74.47577945280854,23.28745782038279,GSM5016113,GSM5016113,risk category: Average
3.961775529675454,70.9959463484323,25.04227812189224,GSM5016114,GSM5016114,risk category: Average
1.2027306263707012,65.47450020917054,33.32276916445876,GSM5016115,GSM5016115,risk category: Average
25.319128043990567,25.517151086671902,49.16372086933753,GSM5016116,GSM5016116,risk category: High
7.929772624480899,45.62476871839151,46.44545865712759,GSM5016117,GSM5016117,risk category: Average
6.546246420367279,52.53550862874064,40.91824495089208,GSM5016118,GSM5016118,risk category: Average
4.529450834944837,62.84392615102479,32.62662301403037,GSM5016119,GSM5016119,risk category: High
1.8028727418813082,76.36442067689228,21.832706581226418,GSM5016120,GSM5016120,risk category: Average
3.2626815908549647,69.74215224989219,26.995166159252847,GSM5016121,GSM5016121,risk category: High
4.597980915502696,65.71594523579033,29.68607384870696,GSM5016122,GSM5016122,risk category: High
1.6939111575226928,66.6072576110531,31.69883123142421,GSM5016123,GSM5016123,risk category: Average
20.571222691690405,30.526350266941787,48.90242704136781,GSM5016124,GSM5016124,risk category: Average
1.934053053259718,64.382854593043,33.68309235369728,GSM5016125,GSM5016125,risk category: Average
1.0852731063959882,65.68368168014005,33.231045213463965,GSM5016126,GSM5016126,risk category: Average
1.0835794158397827,63.82097322715631,35.09544735700391,GSM5016127,GSM5016127,risk category: Average
1.6714814409968946,73.94587673136681,24.382641827636288,GSM5016128,GSM5016128,risk category: Average
1.3387582177603277,63.61407774592065,35.04716403631902,GSM5016129,GSM5016129,risk category: Average
1.5233439782950373,71.87770207173243,26.598953949972525,GSM5016130,GSM5016130,risk category: Average
4.272965030062822,67.60279328102672,28.124241688910462,GSM5016131,GSM5016131,risk category: High
8.474788547763575,60.61853432080624,30.9066771314302,GSM5016132,GSM5016132,risk category: Average
12.673279654685816,53.38466008134806,33.94206026396613,GSM5016133,GSM5016133,risk category: High
10.409108994312726,65.632972125354,23.957918880333285,GSM5016134,GSM5016134,risk category: Average
1.6738848381850395,72.92058793072992,25.405527231085046,GSM5016135,GSM5016135,risk category: High
20.35140354507207,41.62011173184357,38.02848472308435,GSM5016136,GSM5016136,risk category: High
2.848211300568372,66.70879304580407,30.442995653627552,GSM5016137,GSM5016137,risk category: High
9.914198569025967,53.75179346844921,36.33400796252482,GSM5016138,GSM5016138,risk category: High
3.971772576783402,63.83132281678523,32.19690460643137,GSM5016139,GSM5016139,risk category: High
7.487989603417236,53.98872993384961,38.52328046273315,GSM5016140,GSM5016140,risk category: High
4.842436458384547,77.36263376104091,17.79492978057455,GSM5016141,GSM5016141,risk category: Average
6.993069863270277,54.42442404944746,38.58250608728226,GSM5016142,GSM5016142,risk category: High
7.701510882143348,54.40810162333204,37.89038749452461,GSM5016143,GSM5016143,risk category: Average
4.862106183821202,69.3656140089696,25.77227980720919,GSM5016144,GSM5016144,risk category: High
1.5017132249113776,69.17755329758765,29.320733477500966,GSM5016145,GSM5016145,risk category: Average
2.171899453831165,73.81948595337717,24.00861459279167,GSM5016146,GSM5016146,risk category: Average
1.2475939852749824,71.60840265565824,27.144003359066787,GSM5016147,GSM5016147,risk category: Average
2.20244883906092,66.7432377181468,31.054313442792285,GSM5016148,GSM5016148,risk category: Average
4.598421327436347,58.52206763106975,36.87951104149391,GSM5016149,GSM5016149,risk category: Average
4.733061811768255,70.14017010710016,25.12676808113158,GSM5016150,GSM5016150,risk category: Average
4.4228336418652585,79.58511817831028,15.992048179824463,GSM5016151,GSM5016151,risk category: Average
1.3624486187579494,77.09005511737625,21.5474962638658,GSM5016152,GSM5016152,risk category: Average
2.7702465569572405,62.012565033109524,35.21718840993325,GSM5016153,GSM5016153,risk category: Average
2.0173757990780956,69.6960499775531,28.286574223368806,GSM5016154,GSM5016154,risk category: High
6.275095755043392,61.235184964805335,32.48971928015128,GSM5016155,GSM5016155,risk category: High
4.630170340383834,65.80424217829818,29.56558748131799,GSM5016156,GSM5016156,risk category: High
2.584663216513507,75.8495838170763,21.565752966410205,GSM5016157,GSM5016157,risk category: Average
16.341216792950842,19.23546637601606,64.42331683103309,GSM5016158,GSM5016158,risk category: High
5.654597971384433,69.1066030765097,25.238798952105867,GSM5016159,GSM5016159,risk category: High
4.013295030210436,63.0473737033079,32.93933126648165,GSM5016160,GSM5016160,risk category: High
1.3416144672116639,63.82524684149061,34.83313869129774,GSM5016161,GSM5016161,risk category: Average
2.1253858130070196,61.1995028816476,36.675111305345396,GSM5016162,GSM5016162,risk category: Average
5.290156092648538,64.62817849949647,30.081665407854985,GSM5016163,GSM5016163,risk category: Average
2.2935198414527362,75.51620039636815,22.190279762179113,GSM5016164,GSM5016164,risk category: High
6.5030095597781195,54.01683174608939,39.480158694132506,GSM5016165,GSM5016165,risk category: High
3.997390056113793,74.90799947801122,21.09461046587499,GSM5016166,GSM5016166,risk category: Average
1.7271933710866736,74.29892398594558,23.97388264296775,GSM5016167,GSM5016167,risk category: Average
2.90781000184724,74.15202145345911,22.94016854469365,GSM5016168,GSM5016168,risk category: Average
2.133588783418968,62.59930138272035,35.26710983386068,GSM5016169,GSM5016169,risk category: High
6.061455761563134,68.62514447506823,25.31339976336865,GSM5016170,GSM5016170,risk category: High
1.9150570676031604,71.72581485952591,26.359128072870945,GSM5016171,GSM5016171,risk category: High
15.056895944941928,53.98467133304656,30.95843272201151,GSM5016172,GSM5016172,risk category: Average
9.314264759809312,45.08484664891609,45.60088859127459,GSM5016173,GSM5016173,risk category: Average
6.95045197369417,60.402460998026555,32.64708702827927,GSM5016174,GSM5016174,risk category: High
8.288062312287533,33.10340275256608,58.608534935146395,GSM5016175,GSM5016175,risk category: High
8.327587096532088,54.45415441193716,37.21825849153075,GSM5016176,GSM5016176,risk category: Average
11.341851480620079,50.78872334835199,37.86942517102792,GSM5016177,GSM5016177,risk category: High
9.647046306886189,50.600668493053526,39.75228520006029,GSM5016178,GSM5016178,risk category: High
3.628962883699461,65.79677304294916,30.574264073351383,GSM5016179,GSM5016179,risk category: Average
5.603395452577226,58.65039747056757,35.74620707685521,GSM5016180,GSM5016180,risk category: Average
3.5913210914385014,64.2225144413657,32.1861644671958,GSM5016181,GSM5016181,risk category: High
2.2993351710718346,72.54256526674233,25.158099562185832,GSM5016182,GSM5016182,risk category: High
1.6118212095486302,64.82430258306964,33.56387620738172,GSM5016183,GSM5016183,risk category: Average
3.4278893017079413,68.8876488620792,27.684461836212876,GSM5016184,GSM5016184,risk category: Average
3.221494702503632,76.8887081773528,19.889797120143584,GSM5016185,GSM5016185,risk category: Average
1.6614321099580696,73.04371934141722,25.294848548624714,GSM5016186,GSM5016186,risk category: Average
1.1134468612485982,69.47688783954442,29.40966529920698,GSM5016187,GSM5016187,risk category: High
1.6210717085184099,70.03741362345104,28.34151466803053,GSM5016188,GSM5016188,risk category: Average
7.138348942030001,57.44977909815947,35.41187195981054,GSM5016189,GSM5016189,risk category: Average
3.7276338188008324,68.48723283525628,27.785133345942892,GSM5016190,GSM5016190,risk category: High
1.46375898146981,74.85743098449514,23.67881003403505,GSM5016191,GSM5016191,risk category: Average
3.041332411620018,66.23764127132131,30.721026317058666,GSM5016192,GSM5016192,risk category: Average
4.579026110738776,68.22437498730682,27.19659890195442,GSM5016193,GSM5016193,risk category: High
0.903229516786585,70.04102393701996,29.055746546193472,GSM5016194,GSM5016194,risk category: High
3.2050136018593225,69.06168914315535,27.733297254985345,GSM5016195,GSM5016195,risk category: Average
0.5288809486454062,73.41323062752105,26.057888423833557,GSM5016196,GSM5016196,risk category: Average
3.954819657390614,57.51625131257641,38.528929030032984,GSM5016197,GSM5016197,risk category: High
3.63980283863304,61.68716933992259,34.673027821444364,GSM5016198,GSM5016198,risk category: Average
4.8614625225273205,57.899432711002206,37.23910476647047,GSM5016199,GSM5016199,risk category: Average
1.558782062380963,68.4281085359519,30.013109401667126,GSM5016200,GSM5016200,risk category: Average
1.1931659909003682,67.65813447233485,31.14869953676479,GSM5016201,GSM5016201,risk category: Average
1.068859300148898,74.72853449898147,24.20260620086962,GSM5016202,GSM5016202,risk category: Average
2.8802062422078065,76.27768503452631,20.84210872326588,GSM5016203,GSM5016203,risk category: High
13.132757787250359,57.52437947689493,29.34286273585471,GSM5016204,GSM5016204,risk category: Average
5.167954415655177,58.40527003341365,36.42677555093119,GSM5016205,GSM5016205,risk category: Average
0.9366226516775664,69.00979217802418,30.05358517029824,GSM5016206,GSM5016206,risk category: Average
2.253964063480594,65.5587899503725,32.187245986146905,GSM5016207,GSM5016207,risk category: Average
1.017798703115685,74.8423908415149,24.139810455369425,GSM5016208,GSM5016208,risk category: High
0.920251482517205,71.38805543041873,27.691693087064067,GSM5016209,GSM5016209,risk category: High
0.6813347870381954,67.94866753650646,31.36999767645535,GSM5016210,GSM5016210,risk category: High
7.343058064161219,64.20981213727089,28.44712979856789,GSM5016211,GSM5016211,risk category: High
